id,text,clean_text,department,category,severity,language,confidence,source
0,MyBMC - Welcome to BMC's Website * Include at least 1 special characters in password Copyright © The Municipal Corporation of Greater Mumbai : All rights reserved,MyBMC - Welcome to BMC's Website * Include at least 1 special characters in password Copyright © The Municipal Corporation of Greater Mumbai : All rights reserved,Unknown,Unknown,MEDIUM,en,0.0,mcgm_mumbai
1,पिंपरी चिंचवड महानगरपालिका | कटिबद्ध जनहिताय उद्देशाने प्रेरित महानगरपालिका Home नदी पुनरुज्जीवन प्रकल्प Home / नदी पुनरुज्जीवन प्रकल्प Final DPR Final DPR Final DPR Irrigation Department Clearance Mula River - CWPRS Approval Mula River - Environment Clearance Mula River - Hydrology and Hydraulics Report Mula River - Work Order Mula Drawing महानगरपालिकेच्या फेसबुक पेज चे अनावरण Read More घडामोडी सार्वजनिक प्रकटीकरण प्रशासन परिपत्रक इतर माहिती निविदा भरणे कार्यपत्रिका व सभावृत्तांत बांधकाम साहित्याचे दर स्थानिक संस्था कर भरा नगररचना जाहीर नोटीस,पिंपरी चिंचवड महानगरपालिका | कटिबद्ध जनहिताय उद्देशाने प्रेरित महानगरपालिका Home नदी पुनरुज्जीवन प्रकल्प Home / नदी पुनरुज्जीवन प्रकल्प Final DPR Final DPR Final DPR Irrigation Department Clearance Mula River - CWPRS Approval Mula River - Environment Clearance Mula River - Hydrology and Hydraulics Report Mula River - Work Order Mula Drawing महानगरपालिकेच्या फेसबुक पेज चे अनावरण Read More घडामोडी सार्वजनिक प्रकटीकरण प्रशासन परिपत्रक इतर माहिती निविदा भरणे कार्यपत्रिका व सभावृत्तांत बांधकाम साहित्याचे दर स्थानिक संस्था कर भरा नगररचना जाहीर नोटीस,Unknown,Unknown,MEDIUM,hi,0.0,pcmc_pune
2,"पिंपरी चिंचवड महानगरपालिका | कटिबद्ध जनहिताय उद्देशाने प्रेरित महानगरपालिका मुख्य पृष्ठ महापौर माहिती मुख्य पृष्ठ / महानगरपालिका / महापौर माहिती महापौर श्री. रवि बाबासाहेब लांडगे नाव :- श्री. रवि बाबासाहेब लांडगे कार्यालयाचा पत्ता :- तिसरा मजला, महापौर कार्यालय मनपा मुख्य प्रशासकीय इमारत मुंबई- पुणे महामार्ग, पिंपरी <PINCODE> मोबाइल :- <PHONE> मनपा :- 020-67333333 विस्तार :- 1201/1218 ई-मेल :- <EMAIL> <EMAIL> महानगरपालिकेच्या फेसबुक पेज चे अनावरण Read More घडामोडी सार्वजनिक प्रकटीकरण प्रशासन परिपत्रक इतर माहिती निविदा भरणे कार्यपत्रिका व सभावृत्तांत बांधकाम साहित्याचे दर स्थानिक संस्था कर भरा नगररचना जाहीर नोटीस","पिंपरी चिंचवड महानगरपालिका | कटिबद्ध जनहिताय उद्देशाने प्रेरित महानगरपालिका मुख्य पृष्ठ महापौर माहिती मुख्य पृष्ठ / महानगरपालिका / महापौर माहिती महापौर श्री. रवि बाबासाहेब लांडगे नाव :- श्री. रवि बाबासाहेब लांडगे कार्यालयाचा पत्ता :- तिसरा मजला, महापौर कार्यालय मनपा मुख्य प्रशासकीय इमारत मुंबई- पुणे महामार्ग, पिंपरी <PINCODE> मोबाइल :- <PHONE> मनपा :- 020-67333333 विस्तार :- 1201/1218 ई-मेल :- <EMAIL> <EMAIL> महानगरपालिकेच्या फेसबुक पेज चे अनावरण Read More घडामोडी सार्वजनिक प्रकटीकरण प्रशासन परिपत्रक इतर माहिती निविदा भरणे कार्यपत्रिका व सभावृत्तांत बांधकाम साहित्याचे दर स्थानिक संस्था कर भरा नगररचना जाहीर नोटीस",Water Supply,Water Shortage,MEDIUM,hi,0.278,pcmc_pune
3,"पिंपरी चिंचवड महानगरपालिका | कटिबद्ध जनहिताय उद्देशाने प्रेरित महानगरपालिका मुख्य पृष्ठ आयुक्तांची माहिती मुख्य पृष्ठ / महानगरपालिका / आयुक्तांची माहिती आयुक्तांची माहिती डॉ. विजय सूर्यवंशी (भा.प्र.से) नाव:- डॉ. विजय सूर्यवंशी (भा.प्र.से) शिक्षण:-पीएचडी कार्यालयाचा पत्ता :- चौथा मजला, मनपा मुख्य प्रशासकीय इमारत मुंबई- पुणे महामार्ग, पिंपरी <PINCODE> ई-मेल कार्यालयीन :- <EMAIL> वैयत्तिक :- <EMAIL> महानगरपालिकेच्या फेसबुक पेज चे अनावरण Read More घडामोडी सार्वजनिक प्रकटीकरण प्रशासन परिपत्रक इतर माहिती निविदा भरणे कार्यपत्रिका व सभावृत्तांत बांधकाम साहित्याचे दर स्थानिक संस्था कर भरा नगररचना जाहीर नोटीस","पिंपरी चिंचवड महानगरपालिका | कटिबद्ध जनहिताय उद्देशाने प्रेरित महानगरपालिका मुख्य पृष्ठ आयुक्तांची माहिती मुख्य पृष्ठ / महानगरपालिका / आयुक्तांची माहिती आयुक्तांची माहिती डॉ. विजय सूर्यवंशी (भा.प्र.से) नाव:- डॉ. विजय सूर्यवंशी (भा.प्र.से) शिक्षण:-पीएचडी कार्यालयाचा पत्ता :- चौथा मजला, मनपा मुख्य प्रशासकीय इमारत मुंबई- पुणे महामार्ग, पिंपरी <PINCODE> ई-मेल कार्यालयीन :- <EMAIL> वैयत्तिक :- <EMAIL> महानगरपालिकेच्या फेसबुक पेज चे अनावरण Read More घडामोडी सार्वजनिक प्रकटीकरण प्रशासन परिपत्रक इतर माहिती निविदा भरणे कार्यपत्रिका व सभावृत्तांत बांधकाम साहित्याचे दर स्थानिक संस्था कर भरा नगररचना जाहीर नोटीस",Water Supply,Water Shortage,MEDIUM,hi,0.278,pcmc_pune
5,पिंपरी चिंचवड महानगरपालिका | कटिबद्ध जनहिताय उद्देशाने प्रेरित महानगरपालिका मुख्य पृष्ठ महापालिकेच्या मिळकती मुख्य पृष्ठ / महापालिकेच्या मिळकती महापालिकेच्या मिळकती मनपाचे विविध मिळकतींचे वाटप/वितरण भूमि आणि जिंदगी विभागामार्फंत निविदा पध्दतीने करणे बाबत महापालिकेच्या विविध मिळकतींची प्रारूप यादी 26/11/2013 जाहीर प्रकटन महापालिकेच्या विविध मिळकती महानगरपालिकेच्या फेसबुक पेज चे अनावरण Read More घडामोडी सार्वजनिक प्रकटीकरण प्रशासन परिपत्रक इतर माहिती निविदा भरणे कार्यपत्रिका व सभावृत्तांत बांधकाम साहित्याचे दर स्थानिक संस्था कर भरा नगररचना जाहीर नोटीस,पिंपरी चिंचवड महानगरपालिका | कटिबद्ध जनहिताय उद्देशाने प्रेरित महानगरपालिका मुख्य पृष्ठ महापालिकेच्या मिळकती मुख्य पृष्ठ / महापालिकेच्या मिळकती महापालिकेच्या मिळकती मनपाचे विविध मिळकतींचे वाटप/वितरण भूमि आणि जिंदगी विभागामार्फंत निविदा पध्दतीने करणे बाबत महापालिकेच्या विविध मिळकतींची प्रारूप यादी 26/11/2013 जाहीर प्रकटन महापालिकेच्या विविध मिळकती महानगरपालिकेच्या फेसबुक पेज चे अनावरण Read More घडामोडी सार्वजनिक प्रकटीकरण प्रशासन परिपत्रक इतर माहिती निविदा भरणे कार्यपत्रिका व सभावृत्तांत बांधकाम साहित्याचे दर स्थानिक संस्था कर भरा नगररचना जाहीर नोटीस,Unknown,Unknown,MEDIUM,hi,0.0,pcmc_pune
6,पिंपरी चिंचवड महानगरपालिका | कटिबद्ध जनहिताय उद्देशाने प्रेरित महानगरपालिका मुख्य पृष्ठ स्मार्ट सिटी मिशन मुख्य पृष्ठ / स्मार्ट सिटी मिशन स्मार्ट सिटी प्रस्ताव मार्गदर्शक सूचना स्मार्ट सिटी बाबत केंद्राकडे पाठविलेला प्रस्ताव स्मार्ट सिटी बाबत केंद्राकडे पाठविलेलया प्रस्तावाचे पी.पी.टी.सादरीकरण स्मार्टसिटी संकेतस्थळ (www.smartpcmc.org) महानगरपालिकेच्या फेसबुक पेज चे अनावरण Read More घडामोडी सार्वजनिक प्रकटीकरण प्रशासन परिपत्रक इतर माहिती निविदा भरणे कार्यपत्रिका व सभावृत्तांत बांधकाम साहित्याचे दर स्थानिक संस्था कर भरा नगररचना जाहीर नोटीस,पिंपरी चिंचवड महानगरपालिका | कटिबद्ध जनहिताय उद्देशाने प्रेरित महानगरपालिका मुख्य पृष्ठ स्मार्ट सिटी मिशन मुख्य पृष्ठ / स्मार्ट सिटी मिशन स्मार्ट सिटी प्रस्ताव मार्गदर्शक सूचना स्मार्ट सिटी बाबत केंद्राकडे पाठविलेला प्रस्ताव स्मार्ट सिटी बाबत केंद्राकडे पाठविलेलया प्रस्तावाचे पी.पी.टी.सादरीकरण स्मार्टसिटी संकेतस्थळ (www.smartpcmc.org) महानगरपालिकेच्या फेसबुक पेज चे अनावरण Read More घडामोडी सार्वजनिक प्रकटीकरण प्रशासन परिपत्रक इतर माहिती निविदा भरणे कार्यपत्रिका व सभावृत्तांत बांधकाम साहित्याचे दर स्थानिक संस्था कर भरा नगररचना जाहीर नोटीस,Unknown,Unknown,MEDIUM,hi,0.0,pcmc_pune
9,"पिंपरी चिंचवड महानगरपालिका | कटिबद्ध जनहिताय उद्देशाने प्रेरित महानगरपालिका मुख्य पृष्ठ कार्यपत्रिका व सभावृतांत मुख्य पृष्ठ / कार्यपत्रिका व सभावृतांत कार्यपत्रिका व सभावृतांत मा. महापालिका सभा, विविध विषय समिती कामकाज व मा. महापौर, उप महापौर इ. निवडणुकींचे नियम क्रमांक समितीचे नाव 1 महापालिका सभा 2 स्थायी समिती 3 महिला व बाल कल्याण समिती 4 विधी समिती 5 शहर सुधारणा समिती 6 क्रीड़ा,कला,साहित्य व सांस्कृतिक समिती 7 शिक्षण समिती संबंधित प्रभागस्तरीय बैठकींची माहिती अ क्षेत्रीय कार्यालय समिती ब क्षेत्रीय कार्यालय समिती क क्षेत्रीय कार्यालय समिती ड क्षेत्रीय कार्यालय समिती इ क्षेत्रीय कार्यालय समिती फ क्षेत्रीय कार्यालय समिती ग क्षेत्रीय कार्यालय समिती ह क्षेत्रीय कार्यालय समिती प्रशासकीय कार्यकाळ २०११ ते २०२२ पर्यंतचा कार्यकाळ विज्ञान विश्वाची सफर घडविणार 'सायन्स पार्क' Read More घडामोडी सार्वजनिक प्रकटीकरण प्रशासन परिपत्रक इतर माहिती निविदा भरणे कार्यपत्रिका व सभावृत्तांत बांधकाम साहित्याचे दर स्थानिक संस्था कर भरा नगररचना जाहीर नोटीस","पिंपरी चिंचवड महानगरपालिका | कटिबद्ध जनहिताय उद्देशाने प्रेरित महानगरपालिका मुख्य पृष्ठ कार्यपत्रिका व सभावृतांत मुख्य पृष्ठ / कार्यपत्रिका व सभावृतांत कार्यपत्रिका व सभावृतांत मा. महापालिका सभा, विविध विषय समिती कामकाज व मा. महापौर, उप महापौर इ. निवडणुकींचे नियम क्रमांक समितीचे नाव 1 महापालिका सभा 2 स्थायी समिती 3 महिला व बाल कल्याण समिती 4 विधी समिती 5 शहर सुधारणा समिती 6 क्रीड़ा,कला,साहित्य व सांस्कृतिक समिती 7 शिक्षण समिती संबंधित प्रभागस्तरीय बैठकींची माहिती अ क्षेत्रीय कार्यालय समिती ब क्षेत्रीय कार्यालय समिती क क्षेत्रीय कार्यालय समिती ड क्षेत्रीय कार्यालय समिती इ क्षेत्रीय कार्यालय समिती फ क्षेत्रीय कार्यालय समिती ग क्षेत्रीय कार्यालय समिती ह क्षेत्रीय कार्यालय समिती प्रशासकीय कार्यकाळ २०११ ते २०२२ पर्यंतचा कार्यकाळ विज्ञान विश्वाची सफर घडविणार 'सायन्स पार्क' Read More घडामोडी सार्वजनिक प्रकटीकरण प्रशासन परिपत्रक इतर माहिती निविदा भरणे कार्यपत्रिका व सभावृत्तांत बांधकाम साहित्याचे दर स्थानिक संस्था कर भरा नगररचना जाहीर नोटीस",Unknown,Unknown,MEDIUM,hi,0.0,pcmc_pune
10,पिंपरी चिंचवड महानगरपालिका | कटिबद्ध जनहिताय उद्देशाने प्रेरित महानगरपालिका मुख्य पृष्ठ अत्यावश्यक सेवा मुख्य पृष्ठ / अत्यावश्यक सेवा Quick Links For PCMC Area वीज केंद्र महावितरण काळेवाडी पत्ता : काळेवाडी दूरध्वनी क्रमांक :२७२७६९९९ महावितरण आकुर्डी पत्ता : आकुर्डी दूरध्वनी क्रमांक : २७६६०२५४ मोबाईल क्रमांक :- महावितरण कासारवाडी पत्ता : कासारवाडी पिंपरी पुणे दूरध्वनी क्रमांक :२७१२५२८७ मोबाईल क्रमांक :- महावितरण चिंचवड पत्ता : चिंचवड दूरध्वनी क्रमांक :२७४५२०९५ मोबाईल क्रमांक :- २७४५२०९५ महावितरण पिंपरी पत्ता : पिंपरी दूरध्वनी क्रमांक : २७४१०३६८ मोबाईल क्रमांक : महावितरण पिंपरी गाव पत्ता : पिंपरी गाव दूरध्वनी क्रमांक : २७४१११०२ मोबाईल क्रमांक :- महावितरण प्राधिकरण पत्ता :प्राधिकरण पिंपरी पुणे दूरध्वनी क्रमांक : २७६५९२७६ मोबाईल क्रमांक :- विज्ञान विश्वाची सफर घडविणार 'सायन्स पार्क' Read More घडामोडी सार्वजनिक प्रकटीकरण प्रशासन परिपत्रक इतर माहिती निविदा भरणे कार्यपत्रिका व सभावृत्तांत बांधकाम साहित्याचे दर स्थानिक संस्था कर भरा नगररचना जाहीर नोटीस,पिंपरी चिंचवड महानगरपालिका | कटिबद्ध जनहिताय उद्देशाने प्रेरित महानगरपालिका मुख्य पृष्ठ अत्यावश्यक सेवा मुख्य पृष्ठ / अत्यावश्यक सेवा Quick Links For PCMC Area वीज केंद्र महावितरण काळेवाडी पत्ता : काळेवाडी दूरध्वनी क्रमांक :२७२७६९९९ महावितरण आकुर्डी पत्ता : आकुर्डी दूरध्वनी क्रमांक : २७६६०२५४ मोबाईल क्रमांक :- महावितरण कासारवाडी पत्ता : कासारवाडी पिंपरी पुणे दूरध्वनी क्रमांक :२७१२५२८७ मोबाईल क्रमांक :- महावितरण चिंचवड पत्ता : चिंचवड दूरध्वनी क्रमांक :२७४५२०९५ मोबाईल क्रमांक :- २७४५२०९५ महावितरण पिंपरी पत्ता : पिंपरी दूरध्वनी क्रमांक : २७४१०३६८ मोबाईल क्रमांक : महावितरण पिंपरी गाव पत्ता : पिंपरी गाव दूरध्वनी क्रमांक : २७४१११०२ मोबाईल क्रमांक :- महावितरण प्राधिकरण पत्ता :प्राधिकरण पिंपरी पुणे दूरध्वनी क्रमांक : २७६५९२७६ मोबाईल क्रमांक :- विज्ञान विश्वाची सफर घडविणार 'सायन्स पार्क' Read More घडामोडी सार्वजनिक प्रकटीकरण प्रशासन परिपत्रक इतर माहिती निविदा भरणे कार्यपत्रिका व सभावृत्तांत बांधकाम साहित्याचे दर स्थानिक संस्था कर भरा नगररचना जाहीर नोटीस,Unknown,Unknown,MEDIUM,hi,0.0,pcmc_pune
11,"पिंपरी चिंचवड महानगरपालिका | कटिबद्ध जनहिताय उद्देशाने प्रेरित महानगरपालिका मुख्य पृष्ठ अत्यावश्यक सेवा मुख्य पृष्ठ / अत्यावश्यक सेवा Quick Links For PCMC Area नेत्रालये जनकल्याण नेत्र पेढी हॉस्पिटल पत्ता : पुणे पुणे दूरध्वनी क्रमांक : २४४५७२५६ , २४४५७२५६ मोबाईल क्रमांक :- परांजपे Eye बँक पत्ता : पुणे पुणे दूरध्वनी क्रमांक : २५४४१३०८ मोबाईल क्रमांक :- महात्मा गांधी हॉस्पिटल पत्ता : पुणे पुणे दूरध्वनी क्रमांक : २४४७९४४३ मोबाईल क्रमांक :- ससून हॉस्पिटल पत्ता : पुणे पुणे दूरध्वनी क्रमांक : २६१२८००० मोबाईल क्रमांक : विज्ञान विश्वाची सफर घडविणार 'सायन्स पार्क' Read More घडामोडी सार्वजनिक प्रकटीकरण प्रशासन परिपत्रक इतर माहिती निविदा भरणे कार्यपत्रिका व सभावृत्तांत बांधकाम साहित्याचे दर स्थानिक संस्था कर भरा नगररचना जाहीर नोटीस","पिंपरी चिंचवड महानगरपालिका | कटिबद्ध जनहिताय उद्देशाने प्रेरित महानगरपालिका मुख्य पृष्ठ अत्यावश्यक सेवा मुख्य पृष्ठ / अत्यावश्यक सेवा Quick Links For PCMC Area नेत्रालये जनकल्याण नेत्र पेढी हॉस्पिटल पत्ता : पुणे पुणे दूरध्वनी क्रमांक : २४४५७२५६ , २४४५७२५६ मोबाईल क्रमांक :- परांजपे Eye बँक पत्ता : पुणे पुणे दूरध्वनी क्रमांक : २५४४१३०८ मोबाईल क्रमांक :- महात्मा गांधी हॉस्पिटल पत्ता : पुणे पुणे दूरध्वनी क्रमांक : २४४७९४४३ मोबाईल क्रमांक :- ससून हॉस्पिटल पत्ता : पुणे पुणे दूरध्वनी क्रमांक : २६१२८००० मोबाईल क्रमांक : विज्ञान विश्वाची सफर घडविणार 'सायन्स पार्क' Read More घडामोडी सार्वजनिक प्रकटीकरण प्रशासन परिपत्रक इतर माहिती निविदा भरणे कार्यपत्रिका व सभावृत्तांत बांधकाम साहित्याचे दर स्थानिक संस्था कर भरा नगररचना जाहीर नोटीस",Unknown,Unknown,MEDIUM,hi,0.0,pcmc_pune
12,"पिंपरी चिंचवड महानगरपालिका | कटिबद्ध जनहिताय उद्देशाने प्रेरित महानगरपालिका Home Photo Gallery Home / Photo Gallery Photo Gallery अप्पू घर ""अप्पू घर"", हे 5 एकर क्षेत्रात पसरलेले आहे, याच्या परिसरात 20 रस्ते आणि एक वॉटर पार्क आहे. View Images शहर प्रेक्षागृह View Images पक्षी खोरे View Images बोट क्लब, थेरगाव View Images विज्ञान विश्वाची सफर घडविणार 'सायन्स पार्क' Read More घडामोडी सार्वजनिक प्रकटीकरण प्रशासन परिपत्रक इतर माहिती निविदा भरणे कार्यपत्रिका व सभावृत्तांत बांधकाम साहित्याचे दर स्थानिक संस्था कर भरा नगररचना जाहीर नोटीस","पिंपरी चिंचवड महानगरपालिका | कटिबद्ध जनहिताय उद्देशाने प्रेरित महानगरपालिका Home Photo Gallery Home / Photo Gallery Photo Gallery अप्पू घर ""अप्पू घर"", हे 5 एकर क्षेत्रात पसरलेले आहे, याच्या परिसरात 20 रस्ते आणि एक वॉटर पार्क आहे. View Images शहर प्रेक्षागृह View Images पक्षी खोरे View Images बोट क्लब, थेरगाव View Images विज्ञान विश्वाची सफर घडविणार 'सायन्स पार्क' Read More घडामोडी सार्वजनिक प्रकटीकरण प्रशासन परिपत्रक इतर माहिती निविदा भरणे कार्यपत्रिका व सभावृत्तांत बांधकाम साहित्याचे दर स्थानिक संस्था कर भरा नगररचना जाहीर नोटीस",Unknown,Unknown,MEDIUM,hi,0.0,pcmc_pune
13,पिंपरी चिंचवड महानगरपालिका | कटिबद्ध जनहिताय उद्देशाने प्रेरित महानगरपालिका मुख्य पृष्ठ फोटो व माहिती मुख्य पृष्ठ / फोटो व माहिती फोटो व माहिती 'सारथी' माहिती पुस्तिका Read More घडामोडी सार्वजनिक प्रकटीकरण प्रशासन परिपत्रक इतर माहिती निविदा भरणे कार्यपत्रिका व सभावृत्तांत बांधकाम साहित्याचे दर स्थानिक संस्था कर भरा नगररचना जाहीर नोटीस,पिंपरी चिंचवड महानगरपालिका | कटिबद्ध जनहिताय उद्देशाने प्रेरित महानगरपालिका मुख्य पृष्ठ फोटो व माहिती मुख्य पृष्ठ / फोटो व माहिती फोटो व माहिती 'सारथी' माहिती पुस्तिका Read More घडामोडी सार्वजनिक प्रकटीकरण प्रशासन परिपत्रक इतर माहिती निविदा भरणे कार्यपत्रिका व सभावृत्तांत बांधकाम साहित्याचे दर स्थानिक संस्था कर भरा नगररचना जाहीर नोटीस,Unknown,Unknown,MEDIUM,hi,0.0,pcmc_pune
16,पिंपरी चिंचवड महानगरपालिका | कटिबद्ध जनहिताय उद्देशाने प्रेरित महानगरपालिका मुख्य पृष्ठ विभाग प्रमुख आढावा सूची मुख्य पृष्ठ / संगणक / माहिती 1 तक्रार निवारण पी.जी. पोर्टल (केंद्र शासन) आपले सरकार (महाराष्ट्र शासन) मनपा तक्रार निवारण प्रणाली 2 माहिती अधिकार आपले सरकार (महाराष्ट्र शासन) मनपा माहिती अधिकार प्रणाली 3 सेवा हमी कायदा सेवा हमी कायदा महानगरपालिकेच्या फेसबुक पेज चे अनावरण Read More घडामोडी सार्वजनिक प्रकटीकरण प्रशासन परिपत्रक इतर माहिती निविदा भरणे कार्यपत्रिका व सभावृत्तांत बांधकाम साहित्याचे दर स्थानिक संस्था कर भरा नगररचना जाहीर नोटीस,पिंपरी चिंचवड महानगरपालिका | कटिबद्ध जनहिताय उद्देशाने प्रेरित महानगरपालिका मुख्य पृष्ठ विभाग प्रमुख आढावा सूची मुख्य पृष्ठ / संगणक / माहिती 1 तक्रार निवारण पी.जी. पोर्टल (केंद्र शासन) आपले सरकार (महाराष्ट्र शासन) मनपा तक्रार निवारण प्रणाली 2 माहिती अधिकार आपले सरकार (महाराष्ट्र शासन) मनपा माहिती अधिकार प्रणाली 3 सेवा हमी कायदा सेवा हमी कायदा महानगरपालिकेच्या फेसबुक पेज चे अनावरण Read More घडामोडी सार्वजनिक प्रकटीकरण प्रशासन परिपत्रक इतर माहिती निविदा भरणे कार्यपत्रिका व सभावृत्तांत बांधकाम साहित्याचे दर स्थानिक संस्था कर भरा नगररचना जाहीर नोटीस,Unknown,Unknown,MEDIUM,hi,0.0,pcmc_pune
17,पिंपरी चिंचवड महानगरपालिका | कटिबद्ध जनहिताय उद्देशाने प्रेरित महानगरपालिका मुख्य पृष्ठ मा. प्रशासक यांचे निर्णय मुख्य पृष्ठ / घडामोडी / मा. प्रशासक यांचे निर्णय राज्य शासना कडील प्रशासक नियुक्ती बाबतचे आदेश मागे जा क्रमांक माहिती 1 मा.महापालिका सभेच्या अधिकारांचा वापर करून मा. प्रशासक यांनी पारित केलेले ठराव 2 मा.स्थायी समितीच्या अधिकारांचा वापर करून मा. प्रशासक यांनी पारित केलेले ठराव 3 मा.विधी समितीच्या अधिकारांचा वापर करून मा. प्रशासक यांनी पारित केलेले ठराव महानगरपालिकेच्या फेसबुक पेज चे अनावरण Read More घडामोडी सार्वजनिक प्रकटीकरण प्रशासन परिपत्रक इतर माहिती निविदा भरणे कार्यपत्रिका व सभावृत्तांत बांधकाम साहित्याचे दर स्थानिक संस्था कर भरा नगररचना जाहीर नोटीस,पिंपरी चिंचवड महानगरपालिका | कटिबद्ध जनहिताय उद्देशाने प्रेरित महानगरपालिका मुख्य पृष्ठ मा. प्रशासक यांचे निर्णय मुख्य पृष्ठ / घडामोडी / मा. प्रशासक यांचे निर्णय राज्य शासना कडील प्रशासक नियुक्ती बाबतचे आदेश मागे जा क्रमांक माहिती 1 मा.महापालिका सभेच्या अधिकारांचा वापर करून मा. प्रशासक यांनी पारित केलेले ठराव 2 मा.स्थायी समितीच्या अधिकारांचा वापर करून मा. प्रशासक यांनी पारित केलेले ठराव 3 मा.विधी समितीच्या अधिकारांचा वापर करून मा. प्रशासक यांनी पारित केलेले ठराव महानगरपालिकेच्या फेसबुक पेज चे अनावरण Read More घडामोडी सार्वजनिक प्रकटीकरण प्रशासन परिपत्रक इतर माहिती निविदा भरणे कार्यपत्रिका व सभावृत्तांत बांधकाम साहित्याचे दर स्थानिक संस्था कर भरा नगररचना जाहीर नोटीस,Unknown,Unknown,MEDIUM,hi,0.0,pcmc_pune
18,पिंपरी चिंचवड महानगरपालिका | कटिबद्ध जनहिताय उद्देशाने प्रेरित महानगरपालिका मुख्य पृष्ठ ग्रीन सिटी ॲक्शन प्लॅन मुख्य पृष्ठ / ग्रीन सिटी ॲक्शन प्लॅन ग्रीन सिटी ॲक्शन प्लॅन Feedback form link for Green City Action Plan विज्ञान विश्वाची सफर घडविणार 'सायन्स पार्क' Read More घडामोडी सार्वजनिक प्रकटीकरण प्रशासन परिपत्रक इतर माहिती निविदा भरणे कार्यपत्रिका व सभावृत्तांत बांधकाम साहित्याचे दर स्थानिक संस्था कर भरा नगररचना जाहीर नोटीस,पिंपरी चिंचवड महानगरपालिका | कटिबद्ध जनहिताय उद्देशाने प्रेरित महानगरपालिका मुख्य पृष्ठ ग्रीन सिटी ॲक्शन प्लॅन मुख्य पृष्ठ / ग्रीन सिटी ॲक्शन प्लॅन ग्रीन सिटी ॲक्शन प्लॅन Feedback form link for Green City Action Plan विज्ञान विश्वाची सफर घडविणार 'सायन्स पार्क' Read More घडामोडी सार्वजनिक प्रकटीकरण प्रशासन परिपत्रक इतर माहिती निविदा भरणे कार्यपत्रिका व सभावृत्तांत बांधकाम साहित्याचे दर स्थानिक संस्था कर भरा नगररचना जाहीर नोटीस,Unknown,Unknown,MEDIUM,hi,0.0,pcmc_pune
19,पिंपरी चिंचवड महानगरपालिका | कटिबद्ध जनहिताय उद्देशाने प्रेरित महानगरपालिका मुख्य पृष्ठ ग्रेडेड रिस्पॉन्स ॲक्शन प्लॅन मुख्य पृष्ठ / ग्रेडेड रिस्पॉन्स ॲक्शन प्लॅन ग्रेडेड रिस्पॉन्स ॲक्शन प्लॅन Feedback form link for Graded Response Action Plan 'सारथी' माहिती पुस्तिका Read More घडामोडी सार्वजनिक प्रकटीकरण प्रशासन परिपत्रक इतर माहिती निविदा भरणे कार्यपत्रिका व सभावृत्तांत बांधकाम साहित्याचे दर स्थानिक संस्था कर भरा नगररचना जाहीर नोटीस,पिंपरी चिंचवड महानगरपालिका | कटिबद्ध जनहिताय उद्देशाने प्रेरित महानगरपालिका मुख्य पृष्ठ ग्रेडेड रिस्पॉन्स ॲक्शन प्लॅन मुख्य पृष्ठ / ग्रेडेड रिस्पॉन्स ॲक्शन प्लॅन ग्रेडेड रिस्पॉन्स ॲक्शन प्लॅन Feedback form link for Graded Response Action Plan 'सारथी' माहिती पुस्तिका Read More घडामोडी सार्वजनिक प्रकटीकरण प्रशासन परिपत्रक इतर माहिती निविदा भरणे कार्यपत्रिका व सभावृत्तांत बांधकाम साहित्याचे दर स्थानिक संस्था कर भरा नगररचना जाहीर नोटीस,Unknown,Unknown,MEDIUM,hi,0.0,pcmc_pune
20,पिंपरी चिंचवड महानगरपालिका | कटिबद्ध जनहिताय उद्देशाने प्रेरित महानगरपालिका मुख्य पृष्ठ अभ्यांगतांसाठी भेटीची वेळ मुख्य पृष्ठ / महानगरपालिका / अभ्यांगतांसाठी भेटीची वेळ आदेश पिंपरी चिंचवड म.न.पा. १०० दिवसीय क्षेत्रिय अधिकाऱ्यांसाठी कार्यक्रम-कार्यालयातील विभाग प्रमुखांना/ अधिकाऱ्यांना भेटीसाठी येणाऱ्या अभ्यांगतांसाठी भेटीची वेळ वार (Day's) वेळ (Time) सोमवार (Monday) दुपारी ३.०० ते सायं. ६.०० (3.00 PM to 6.00 PM) बुधवार (wednesday) दुपारी ३.०० ते सायं. ६.०० (3.00 PM to 6.00 PM) शुक्रवार (Friday) दुपारी ३.०० ते सायं. ६.०० (3.00 PM to 6.00 PM) 'सारथी' माहिती पुस्तिका Read More घडामोडी सार्वजनिक प्रकटीकरण प्रशासन परिपत्रक इतर माहिती निविदा भरणे कार्यपत्रिका व सभावृत्तांत बांधकाम साहित्याचे दर स्थानिक संस्था कर भरा नगररचना जाहीर नोटीस,पिंपरी चिंचवड महानगरपालिका | कटिबद्ध जनहिताय उद्देशाने प्रेरित महानगरपालिका मुख्य पृष्ठ अभ्यांगतांसाठी भेटीची वेळ मुख्य पृष्ठ / महानगरपालिका / अभ्यांगतांसाठी भेटीची वेळ आदेश पिंपरी चिंचवड म.न.पा. १०० दिवसीय क्षेत्रिय अधिकाऱ्यांसाठी कार्यक्रम-कार्यालयातील विभाग प्रमुखांना/ अधिकाऱ्यांना भेटीसाठी येणाऱ्या अभ्यांगतांसाठी भेटीची वेळ वार (Day's) वेळ (Time) सोमवार (Monday) दुपारी ३.०० ते सायं. ६.०० (3.00 PM to 6.00 PM) बुधवार (wednesday) दुपारी ३.०० ते सायं. ६.०० (3.00 PM to 6.00 PM) शुक्रवार (Friday) दुपारी ३.०० ते सायं. ६.०० (3.00 PM to 6.00 PM) 'सारथी' माहिती पुस्तिका Read More घडामोडी सार्वजनिक प्रकटीकरण प्रशासन परिपत्रक इतर माहिती निविदा भरणे कार्यपत्रिका व सभावृत्तांत बांधकाम साहित्याचे दर स्थानिक संस्था कर भरा नगररचना जाहीर नोटीस,Unknown,Unknown,MEDIUM,hi,0.0,pcmc_pune
21,पिंपरी चिंचवड महानगरपालिका | कटिबद्ध जनहिताय उद्देशाने प्रेरित महानगरपालिका मुख्य पृष्ठ परिपत्रक मुख्य पृष्ठ / ई - पी.सी.एम. सी / परिपत्रक लेखा विभाग प्रशासन मुख्यलेखापरिक्षण ब क्षेत्रीय कार्यालय ब क्षेत्रीय कार्यालय आरोग्य बांधकाम परवानगी क क्षेत्रीय कार्यालय नागरी सुविधा केंद्र स्थापत्य ड क्षेत्रीय कार्यालय ड क्षेत्रीय कार्यालय स्थापत्य ड क्षेत्रीय कार्यालय आरोग्य शिक्षण विभाग निवड़णूक विदयुत अग्निशामक आरोग्य कामगार कल्याण भुमी आणि जिंदगी कायदा वैद्यकीय नगर सचिव स्थानिक संस्था कर जनता संपर्क विभाग माध्यमिक शिक्षण सुरक्षा क्रीडा मध्यवर्ती भांडार नगर रचना वाय.सी.एम. हॉस्पिटल इ क्षेत्रीय कार्यालय फ क्षेत्रीय कार्यालय माहिती व तंत्रज्ञान विभाग ह क्षेत्रीय कार्यालय ग क्षेत्रीय कार्यालय जलनिःसारण विभाग विज्ञान विश्वाची सफर घडविणार 'सायन्स पार्क' Read More घडामोडी सार्वजनिक प्रकटीकरण प्रशासन परिपत्रक इतर माहिती निविदा भरणे कार्यपत्रिका व सभावृत्तांत बांधकाम साहित्याचे दर स्थानिक संस्था कर भरा नगररचना जाहीर नोटीस,पिंपरी चिंचवड महानगरपालिका | कटिबद्ध जनहिताय उद्देशाने प्रेरित महानगरपालिका मुख्य पृष्ठ परिपत्रक मुख्य पृष्ठ / ई - पी.सी.एम. सी / परिपत्रक लेखा विभाग प्रशासन मुख्यलेखापरिक्षण ब क्षेत्रीय कार्यालय ब क्षेत्रीय कार्यालय आरोग्य बांधकाम परवानगी क क्षेत्रीय कार्यालय नागरी सुविधा केंद्र स्थापत्य ड क्षेत्रीय कार्यालय ड क्षेत्रीय कार्यालय स्थापत्य ड क्षेत्रीय कार्यालय आरोग्य शिक्षण विभाग निवड़णूक विदयुत अग्निशामक आरोग्य कामगार कल्याण भुमी आणि जिंदगी कायदा वैद्यकीय नगर सचिव स्थानिक संस्था कर जनता संपर्क विभाग माध्यमिक शिक्षण सुरक्षा क्रीडा मध्यवर्ती भांडार नगर रचना वाय.सी.एम. हॉस्पिटल इ क्षेत्रीय कार्यालय फ क्षेत्रीय कार्यालय माहिती व तंत्रज्ञान विभाग ह क्षेत्रीय कार्यालय ग क्षेत्रीय कार्यालय जलनिःसारण विभाग विज्ञान विश्वाची सफर घडविणार 'सायन्स पार्क' Read More घडामोडी सार्वजनिक प्रकटीकरण प्रशासन परिपत्रक इतर माहिती निविदा भरणे कार्यपत्रिका व सभावृत्तांत बांधकाम साहित्याचे दर स्थानिक संस्था कर भरा नगररचना जाहीर नोटीस,Water Supply,Water Shortage,MEDIUM,hi,0.278,pcmc_pune
22,पिंपरी चिंचवड महानगरपालिका | कटिबद्ध जनहिताय उद्देशाने प्रेरित महानगरपालिका मुख्य पृष्ठ शहर अभियंता कार्यालयातून प्रसिद्ध करण्यात आलेले बांधकाम साहित्याचे दर मुख्य पृष्ठ / शहर अभियंता कार्यालयातून प्रसिद्ध करण्यात आलेले बांधकाम साहित्याचे दर शहर अभियंता कार्यालयातून प्रसिद्ध करण्यात आलेले बांधकाम साहित्याचे दर Month Co (Cement) (With GST) So.TOR (TOR steel) (With GST) Bo (Tar) (With GST) February 6140 79849.99 59165.20 January 5900 73500.36 59023.60 January 5900 73500.36 59023.60 'सारथी' माहिती पुस्तिका Read More घडामोडी सार्वजनिक प्रकटीकरण प्रशासन परिपत्रक इतर माहिती निविदा भरणे कार्यपत्रिका व सभावृत्तांत बांधकाम साहित्याचे दर स्थानिक संस्था कर भरा नगररचना जाहीर नोटीस,पिंपरी चिंचवड महानगरपालिका | कटिबद्ध जनहिताय उद्देशाने प्रेरित महानगरपालिका मुख्य पृष्ठ शहर अभियंता कार्यालयातून प्रसिद्ध करण्यात आलेले बांधकाम साहित्याचे दर मुख्य पृष्ठ / शहर अभियंता कार्यालयातून प्रसिद्ध करण्यात आलेले बांधकाम साहित्याचे दर शहर अभियंता कार्यालयातून प्रसिद्ध करण्यात आलेले बांधकाम साहित्याचे दर Month Co (Cement) (With GST) So.TOR (TOR steel) (With GST) Bo (Tar) (With GST) February 6140 79849.99 59165.20 January 5900 73500.36 59023.60 January 5900 73500.36 59023.60 'सारथी' माहिती पुस्तिका Read More घडामोडी सार्वजनिक प्रकटीकरण प्रशासन परिपत्रक इतर माहिती निविदा भरणे कार्यपत्रिका व सभावृत्तांत बांधकाम साहित्याचे दर स्थानिक संस्था कर भरा नगररचना जाहीर नोटीस,Unknown,Unknown,MEDIUM,hi,0.0,pcmc_pune
23,पिंपरी चिंचवड महानगरपालिका | ग्रेडेड रिस्पॉन्स ॲक्शन प्लॅन मुख्य पृष्ठ ग्रेडेड रिस्पॉन्स ॲक्शन प्लॅन मुख्य पृष्ठ / ग्रेडेड रिस्पॉन्स ॲक्शन प्लॅन ग्रेडेड रिस्पॉन्स ॲक्शन प्लॅन Feedback form link for Graded Response Action Plan 'सारथी' माहिती पुस्तिका अधिक वाचा घडामोडी सार्वजनिक प्रकटीकरण डॅशबोर्ड प्रशासन १० कलमी कार्यक्रम परिपत्रक इतर माहिती निविदा भरणे कार्यपत्रिका व सभावृत्तांत अनधिकृत बांधकामांवर कारवाई बांधकाम साहित्याचे दर स्थानिक संस्था कर भरा नगररचना जाहीर नोटीस राजपत्र शोध,पिंपरी चिंचवड महानगरपालिका | ग्रेडेड रिस्पॉन्स ॲक्शन प्लॅन मुख्य पृष्ठ ग्रेडेड रिस्पॉन्स ॲक्शन प्लॅन मुख्य पृष्ठ / ग्रेडेड रिस्पॉन्स ॲक्शन प्लॅन ग्रेडेड रिस्पॉन्स ॲक्शन प्लॅन Feedback form link for Graded Response Action Plan 'सारथी' माहिती पुस्तिका अधिक वाचा घडामोडी सार्वजनिक प्रकटीकरण डॅशबोर्ड प्रशासन १० कलमी कार्यक्रम परिपत्रक इतर माहिती निविदा भरणे कार्यपत्रिका व सभावृत्तांत अनधिकृत बांधकामांवर कारवाई बांधकाम साहित्याचे दर स्थानिक संस्था कर भरा नगररचना जाहीर नोटीस राजपत्र शोध,Unknown,Unknown,MEDIUM,hi,0.0,pcmc_pune
24,पिंपरी चिंचवड महानगरपालिका | ग्रीन सिटी ॲक्शन प्लॅन मुख्य पृष्ठ ग्रीन सिटी ॲक्शन प्लॅन मुख्य पृष्ठ / ग्रीन सिटी ॲक्शन प्लॅन ग्रीन सिटी ॲक्शन प्लॅन Feedback form link for Green City Action Plan महानगरपालिकेच्या फेसबुक पेज चे अनावरण अधिक वाचा घडामोडी सार्वजनिक प्रकटीकरण डॅशबोर्ड प्रशासन १० कलमी कार्यक्रम परिपत्रक इतर माहिती निविदा भरणे कार्यपत्रिका व सभावृत्तांत अनधिकृत बांधकामांवर कारवाई बांधकाम साहित्याचे दर स्थानिक संस्था कर भरा नगररचना जाहीर नोटीस राजपत्र शोध,पिंपरी चिंचवड महानगरपालिका | ग्रीन सिटी ॲक्शन प्लॅन मुख्य पृष्ठ ग्रीन सिटी ॲक्शन प्लॅन मुख्य पृष्ठ / ग्रीन सिटी ॲक्शन प्लॅन ग्रीन सिटी ॲक्शन प्लॅन Feedback form link for Green City Action Plan महानगरपालिकेच्या फेसबुक पेज चे अनावरण अधिक वाचा घडामोडी सार्वजनिक प्रकटीकरण डॅशबोर्ड प्रशासन १० कलमी कार्यक्रम परिपत्रक इतर माहिती निविदा भरणे कार्यपत्रिका व सभावृत्तांत अनधिकृत बांधकामांवर कारवाई बांधकाम साहित्याचे दर स्थानिक संस्था कर भरा नगररचना जाहीर नोटीस राजपत्र शोध,Unknown,Unknown,MEDIUM,hi,0.0,pcmc_pune
25,पिंपरी चिंचवड महानगरपालिका | कटिबद्ध जनहिताय उद्देशाने प्रेरित महानगरपालिका मुख्य पृष्ठ ई-सेवा मुख्य पृष्ठ / ई-सेवा फेरीवाले याचे सर्वेक्षण बाबतच्या प्रभागनिहाय याद्या जाहीर प्रकटन जाहीर प्रकटन अ प्रभाग अंतिम यादी प्रतीक्षा यादी ब प्रभाग अंतिम यादी प्रतीक्षा यादी क प्रभाग अंतिम यादी प्रतीक्षा यादी ड प्रभाग अंतिम यादी प्रतीक्षा यादी इ प्रभाग अंतिम यादी प्रतीक्षा यादी फ प्रभाग अंतिम यादी प्रतीक्षा यादी ग प्रभाग अंतिम यादी प्रतीक्षा यादी ह प्रभाग अंतिम यादी प्रतीक्षा यादी महानगरपालिकेच्या फेसबुक पेज चे अनावरण Read More घडामोडी सार्वजनिक प्रकटीकरण प्रशासन परिपत्रक इतर माहिती निविदा भरणे कार्यपत्रिका व सभावृत्तांत बांधकाम साहित्याचे दर स्थानिक संस्था कर भरा नगररचना जाहीर नोटीस,पिंपरी चिंचवड महानगरपालिका | कटिबद्ध जनहिताय उद्देशाने प्रेरित महानगरपालिका मुख्य पृष्ठ ई-सेवा मुख्य पृष्ठ / ई-सेवा फेरीवाले याचे सर्वेक्षण बाबतच्या प्रभागनिहाय याद्या जाहीर प्रकटन जाहीर प्रकटन अ प्रभाग अंतिम यादी प्रतीक्षा यादी ब प्रभाग अंतिम यादी प्रतीक्षा यादी क प्रभाग अंतिम यादी प्रतीक्षा यादी ड प्रभाग अंतिम यादी प्रतीक्षा यादी इ प्रभाग अंतिम यादी प्रतीक्षा यादी फ प्रभाग अंतिम यादी प्रतीक्षा यादी ग प्रभाग अंतिम यादी प्रतीक्षा यादी ह प्रभाग अंतिम यादी प्रतीक्षा यादी महानगरपालिकेच्या फेसबुक पेज चे अनावरण Read More घडामोडी सार्वजनिक प्रकटीकरण प्रशासन परिपत्रक इतर माहिती निविदा भरणे कार्यपत्रिका व सभावृत्तांत बांधकाम साहित्याचे दर स्थानिक संस्था कर भरा नगररचना जाहीर नोटीस,Unknown,Unknown,MEDIUM,hi,0.0,pcmc_pune
26,Visitor Home Tree Census Data Home / Inside Corporation / Tree Census Data Tree Census Report Green Cover Heritage Trees Urban Forerstry Master Plan_ महानगरपालिकेच्या फेसबुक पेज चे अनावरण अधिक वाचा घडामोडी सार्वजनिक प्रकटीकरण डॅशबोर्ड प्रशासन १० कलमी कार्यक्रम परिपत्रक इतर माहिती निविदा भरणे कार्यपत्रिका व सभावृत्तांत अनधिकृत बांधकामांवर कारवाई बांधकाम साहित्याचे दर स्थानिक संस्था कर भरा नगररचना जाहीर नोटीस राजपत्र शोध,Visitor Home Tree Census Data Home / Inside Corporation / Tree Census Data Tree Census Report Green Cover Heritage Trees Urban Forerstry Master Plan_ महानगरपालिकेच्या फेसबुक पेज चे अनावरण अधिक वाचा घडामोडी सार्वजनिक प्रकटीकरण डॅशबोर्ड प्रशासन १० कलमी कार्यक्रम परिपत्रक इतर माहिती निविदा भरणे कार्यपत्रिका व सभावृत्तांत अनधिकृत बांधकामांवर कारवाई बांधकाम साहित्याचे दर स्थानिक संस्था कर भरा नगररचना जाहीर नोटीस राजपत्र शोध,Unknown,Unknown,MEDIUM,hi,0.0,pcmc_pune
28,"पिंपरी चिंचवड महानगरपालिका | कटिबद्ध जनहिताय उद्देशाने प्रेरित महानगरपालिका मुख्य पृष्ठ विभाग मुख्य पृष्ठ / महानगरपालिका / विभाग अ क्षेत्रीय कार्यालय विदयुत केंद्र शासनाचा माहितीचा अधिकार अधिनियम 2005 कलम 4(1) (ख) नुसार जनतेस प्रसिद्ध करावयाची नियम पुस्तिका (मॅन्यूअल) अ.क्र. शीर्षक 1 कार्यालयाचा तपशिल,कामकाज आणि कर्तव्ये. 'सारथी' माहिती पुस्तिका Read More घडामोडी सार्वजनिक प्रकटीकरण प्रशासन परिपत्रक इतर माहिती निविदा भरणे कार्यपत्रिका व सभावृत्तांत बांधकाम साहित्याचे दर स्थानिक संस्था कर भरा नगररचना जाहीर नोटीस","पिंपरी चिंचवड महानगरपालिका | कटिबद्ध जनहिताय उद्देशाने प्रेरित महानगरपालिका मुख्य पृष्ठ विभाग मुख्य पृष्ठ / महानगरपालिका / विभाग अ क्षेत्रीय कार्यालय विदयुत केंद्र शासनाचा माहितीचा अधिकार अधिनियम 2005 कलम 4(1) (ख) नुसार जनतेस प्रसिद्ध करावयाची नियम पुस्तिका (मॅन्यूअल) अ.क्र. शीर्षक 1 कार्यालयाचा तपशिल,कामकाज आणि कर्तव्ये. 'सारथी' माहिती पुस्तिका Read More घडामोडी सार्वजनिक प्रकटीकरण प्रशासन परिपत्रक इतर माहिती निविदा भरणे कार्यपत्रिका व सभावृत्तांत बांधकाम साहित्याचे दर स्थानिक संस्था कर भरा नगररचना जाहीर नोटीस",Unknown,Unknown,MEDIUM,hi,0.0,pcmc_pune
29,पिंपरी चिंचवड महानगरपालिका | कटिबद्ध जनहिताय उद्देशाने प्रेरित महानगरपालिका मुख्य पृष्ठ विभाग मुख्य पृष्ठ / महानगरपालिका / विभाग अ क्षेत्रीय कार्यालय लेखा केंद्र शासनाचा माहितीचा अधिकार अधिनियम 2005 कलम 4(1) (ख) नुसार जनतेस प्रसिद्ध करावयाची नियम पुस्तिका (मॅन्यूअल) अ.क्र. शीर्षक 'सारथी' माहिती पुस्तिका Read More घडामोडी सार्वजनिक प्रकटीकरण प्रशासन परिपत्रक इतर माहिती निविदा भरणे कार्यपत्रिका व सभावृत्तांत बांधकाम साहित्याचे दर स्थानिक संस्था कर भरा नगररचना जाहीर नोटीस,पिंपरी चिंचवड महानगरपालिका | कटिबद्ध जनहिताय उद्देशाने प्रेरित महानगरपालिका मुख्य पृष्ठ विभाग मुख्य पृष्ठ / महानगरपालिका / विभाग अ क्षेत्रीय कार्यालय लेखा केंद्र शासनाचा माहितीचा अधिकार अधिनियम 2005 कलम 4(1) (ख) नुसार जनतेस प्रसिद्ध करावयाची नियम पुस्तिका (मॅन्यूअल) अ.क्र. शीर्षक 'सारथी' माहिती पुस्तिका Read More घडामोडी सार्वजनिक प्रकटीकरण प्रशासन परिपत्रक इतर माहिती निविदा भरणे कार्यपत्रिका व सभावृत्तांत बांधकाम साहित्याचे दर स्थानिक संस्था कर भरा नगररचना जाहीर नोटीस,Unknown,Unknown,MEDIUM,hi,0.0,pcmc_pune
30,पिंपरी चिंचवड महानगरपालिका | कटिबद्ध जनहिताय उद्देशाने प्रेरित महानगरपालिका मुख्य पृष्ठ विभाग मुख्य पृष्ठ / महानगरपालिका / विभाग ब क्षेत्रीय कार्यालय लेखा केंद्र शासनाचा माहितीचा अधिकार अधिनियम 2005 कलम 4(1) (ख) नुसार जनतेस प्रसिद्ध करावयाची नियम पुस्तिका (मॅन्यूअल) अ.क्र. शीर्षक विज्ञान विश्वाची सफर घडविणार 'सायन्स पार्क' Read More घडामोडी सार्वजनिक प्रकटीकरण प्रशासन परिपत्रक इतर माहिती निविदा भरणे कार्यपत्रिका व सभावृत्तांत बांधकाम साहित्याचे दर स्थानिक संस्था कर भरा नगररचना जाहीर नोटीस,पिंपरी चिंचवड महानगरपालिका | कटिबद्ध जनहिताय उद्देशाने प्रेरित महानगरपालिका मुख्य पृष्ठ विभाग मुख्य पृष्ठ / महानगरपालिका / विभाग ब क्षेत्रीय कार्यालय लेखा केंद्र शासनाचा माहितीचा अधिकार अधिनियम 2005 कलम 4(1) (ख) नुसार जनतेस प्रसिद्ध करावयाची नियम पुस्तिका (मॅन्यूअल) अ.क्र. शीर्षक विज्ञान विश्वाची सफर घडविणार 'सायन्स पार्क' Read More घडामोडी सार्वजनिक प्रकटीकरण प्रशासन परिपत्रक इतर माहिती निविदा भरणे कार्यपत्रिका व सभावृत्तांत बांधकाम साहित्याचे दर स्थानिक संस्था कर भरा नगररचना जाहीर नोटीस,Unknown,Unknown,MEDIUM,hi,0.0,pcmc_pune
31,पिंपरी चिंचवड महानगरपालिका | कटिबद्ध जनहिताय उद्देशाने प्रेरित महानगरपालिका मुख्य पृष्ठ विभाग मुख्य पृष्ठ / महानगरपालिका / विभाग ड क्षेत्रीय कार्यालय लेखा केंद्र शासनाचा माहितीचा अधिकार अधिनियम 2005 कलम 4(1) (ख) नुसार जनतेस प्रसिद्ध करावयाची नियम पुस्तिका (मॅन्यूअल) अ.क्र. शीर्षक 'सारथी' माहिती पुस्तिका Read More घडामोडी सार्वजनिक प्रकटीकरण प्रशासन परिपत्रक इतर माहिती निविदा भरणे कार्यपत्रिका व सभावृत्तांत बांधकाम साहित्याचे दर स्थानिक संस्था कर भरा नगररचना जाहीर नोटीस,पिंपरी चिंचवड महानगरपालिका | कटिबद्ध जनहिताय उद्देशाने प्रेरित महानगरपालिका मुख्य पृष्ठ विभाग मुख्य पृष्ठ / महानगरपालिका / विभाग ड क्षेत्रीय कार्यालय लेखा केंद्र शासनाचा माहितीचा अधिकार अधिनियम 2005 कलम 4(1) (ख) नुसार जनतेस प्रसिद्ध करावयाची नियम पुस्तिका (मॅन्यूअल) अ.क्र. शीर्षक 'सारथी' माहिती पुस्तिका Read More घडामोडी सार्वजनिक प्रकटीकरण प्रशासन परिपत्रक इतर माहिती निविदा भरणे कार्यपत्रिका व सभावृत्तांत बांधकाम साहित्याचे दर स्थानिक संस्था कर भरा नगररचना जाहीर नोटीस,Unknown,Unknown,MEDIUM,hi,0.0,pcmc_pune
32,पिंपरी चिंचवड महानगरपालिका | कटिबद्ध जनहिताय उद्देशाने प्रेरित महानगरपालिका मुख्य पृष्ठ विभाग मुख्य पृष्ठ / महानगरपालिका / विभाग इ क्षेत्रीय कार्यालय लेखा केंद्र शासनाचा माहितीचा अधिकार अधिनियम 2005 कलम 4(1) (ख) नुसार जनतेस प्रसिद्ध करावयाची नियम पुस्तिका (मॅन्यूअल) अ.क्र. शीर्षक 'सारथी' माहिती पुस्तिका Read More घडामोडी सार्वजनिक प्रकटीकरण प्रशासन परिपत्रक इतर माहिती निविदा भरणे कार्यपत्रिका व सभावृत्तांत बांधकाम साहित्याचे दर स्थानिक संस्था कर भरा नगररचना जाहीर नोटीस,पिंपरी चिंचवड महानगरपालिका | कटिबद्ध जनहिताय उद्देशाने प्रेरित महानगरपालिका मुख्य पृष्ठ विभाग मुख्य पृष्ठ / महानगरपालिका / विभाग इ क्षेत्रीय कार्यालय लेखा केंद्र शासनाचा माहितीचा अधिकार अधिनियम 2005 कलम 4(1) (ख) नुसार जनतेस प्रसिद्ध करावयाची नियम पुस्तिका (मॅन्यूअल) अ.क्र. शीर्षक 'सारथी' माहिती पुस्तिका Read More घडामोडी सार्वजनिक प्रकटीकरण प्रशासन परिपत्रक इतर माहिती निविदा भरणे कार्यपत्रिका व सभावृत्तांत बांधकाम साहित्याचे दर स्थानिक संस्था कर भरा नगररचना जाहीर नोटीस,Unknown,Unknown,MEDIUM,hi,0.0,pcmc_pune
33,पिंपरी चिंचवड महानगरपालिका | कटिबद्ध जनहिताय उद्देशाने प्रेरित महानगरपालिका मुख्य पृष्ठ विभाग मुख्य पृष्ठ / महानगरपालिका / विभाग इ क्षेत्रीय कार्यालय जलनि:सारण केंद्र शासनाचा माहितीचा अधिकार अधिनियम 2005 कलम 4(1) (ख) नुसार जनतेस प्रसिद्ध करावयाची नियम पुस्तिका (मॅन्यूअल) अ.क्र. शीर्षक 'सारथी' माहिती पुस्तिका Read More घडामोडी सार्वजनिक प्रकटीकरण प्रशासन परिपत्रक इतर माहिती निविदा भरणे कार्यपत्रिका व सभावृत्तांत बांधकाम साहित्याचे दर स्थानिक संस्था कर भरा नगररचना जाहीर नोटीस,पिंपरी चिंचवड महानगरपालिका | कटिबद्ध जनहिताय उद्देशाने प्रेरित महानगरपालिका मुख्य पृष्ठ विभाग मुख्य पृष्ठ / महानगरपालिका / विभाग इ क्षेत्रीय कार्यालय जलनि:सारण केंद्र शासनाचा माहितीचा अधिकार अधिनियम 2005 कलम 4(1) (ख) नुसार जनतेस प्रसिद्ध करावयाची नियम पुस्तिका (मॅन्यूअल) अ.क्र. शीर्षक 'सारथी' माहिती पुस्तिका Read More घडामोडी सार्वजनिक प्रकटीकरण प्रशासन परिपत्रक इतर माहिती निविदा भरणे कार्यपत्रिका व सभावृत्तांत बांधकाम साहित्याचे दर स्थानिक संस्था कर भरा नगररचना जाहीर नोटीस,Water Supply,Water Shortage,MEDIUM,hi,0.278,pcmc_pune
34,पिंपरी चिंचवड महानगरपालिका | कटिबद्ध जनहिताय उद्देशाने प्रेरित महानगरपालिका मुख्य पृष्ठ विभाग मुख्य पृष्ठ / महानगरपालिका / विभाग फ क्षेत्रीय कार्यालय लेखा केंद्र शासनाचा माहितीचा अधिकार अधिनियम 2005 कलम 4(1) (ख) नुसार जनतेस प्रसिद्ध करावयाची नियम पुस्तिका (मॅन्यूअल) अ.क्र. शीर्षक विज्ञान विश्वाची सफर घडविणार 'सायन्स पार्क' Read More घडामोडी सार्वजनिक प्रकटीकरण प्रशासन परिपत्रक इतर माहिती निविदा भरणे कार्यपत्रिका व सभावृत्तांत बांधकाम साहित्याचे दर स्थानिक संस्था कर भरा नगररचना जाहीर नोटीस,पिंपरी चिंचवड महानगरपालिका | कटिबद्ध जनहिताय उद्देशाने प्रेरित महानगरपालिका मुख्य पृष्ठ विभाग मुख्य पृष्ठ / महानगरपालिका / विभाग फ क्षेत्रीय कार्यालय लेखा केंद्र शासनाचा माहितीचा अधिकार अधिनियम 2005 कलम 4(1) (ख) नुसार जनतेस प्रसिद्ध करावयाची नियम पुस्तिका (मॅन्यूअल) अ.क्र. शीर्षक विज्ञान विश्वाची सफर घडविणार 'सायन्स पार्क' Read More घडामोडी सार्वजनिक प्रकटीकरण प्रशासन परिपत्रक इतर माहिती निविदा भरणे कार्यपत्रिका व सभावृत्तांत बांधकाम साहित्याचे दर स्थानिक संस्था कर भरा नगररचना जाहीर नोटीस,Unknown,Unknown,MEDIUM,hi,0.0,pcmc_pune
35,पिंपरी चिंचवड महानगरपालिका | कटिबद्ध जनहिताय उद्देशाने प्रेरित महानगरपालिका मुख्य पृष्ठ विभाग मुख्य पृष्ठ / महानगरपालिका / विभाग फ क्षेत्रीय कार्यालय जलनि:सारण केंद्र शासनाचा माहितीचा अधिकार अधिनियम 2005 कलम 4(1) (ख) नुसार जनतेस प्रसिद्ध करावयाची नियम पुस्तिका (मॅन्यूअल) अ.क्र. शीर्षक 'सारथी' माहिती पुस्तिका Read More घडामोडी सार्वजनिक प्रकटीकरण प्रशासन परिपत्रक इतर माहिती निविदा भरणे कार्यपत्रिका व सभावृत्तांत बांधकाम साहित्याचे दर स्थानिक संस्था कर भरा नगररचना जाहीर नोटीस,पिंपरी चिंचवड महानगरपालिका | कटिबद्ध जनहिताय उद्देशाने प्रेरित महानगरपालिका मुख्य पृष्ठ विभाग मुख्य पृष्ठ / महानगरपालिका / विभाग फ क्षेत्रीय कार्यालय जलनि:सारण केंद्र शासनाचा माहितीचा अधिकार अधिनियम 2005 कलम 4(1) (ख) नुसार जनतेस प्रसिद्ध करावयाची नियम पुस्तिका (मॅन्यूअल) अ.क्र. शीर्षक 'सारथी' माहिती पुस्तिका Read More घडामोडी सार्वजनिक प्रकटीकरण प्रशासन परिपत्रक इतर माहिती निविदा भरणे कार्यपत्रिका व सभावृत्तांत बांधकाम साहित्याचे दर स्थानिक संस्था कर भरा नगररचना जाहीर नोटीस,Water Supply,Water Shortage,MEDIUM,hi,0.278,pcmc_pune
36,पिंपरी चिंचवड महानगरपालिका | कटिबद्ध जनहिताय उद्देशाने प्रेरित महानगरपालिका मुख्य पृष्ठ विभाग मुख्य पृष्ठ / महानगरपालिका / विभाग ग क्षेत्रीय कार्यालय केंद्र शासनाचा माहितीचा अधिकार अधिनियम 2005 कलम 4(1) (ख) नुसार जनतेस प्रसिद्ध करावयाची नियम पुस्तिका (मॅन्यूअल) अ.क्र. शीर्षक 'सारथी' माहिती पुस्तिका Read More घडामोडी सार्वजनिक प्रकटीकरण प्रशासन परिपत्रक इतर माहिती निविदा भरणे कार्यपत्रिका व सभावृत्तांत बांधकाम साहित्याचे दर स्थानिक संस्था कर भरा नगररचना जाहीर नोटीस,पिंपरी चिंचवड महानगरपालिका | कटिबद्ध जनहिताय उद्देशाने प्रेरित महानगरपालिका मुख्य पृष्ठ विभाग मुख्य पृष्ठ / महानगरपालिका / विभाग ग क्षेत्रीय कार्यालय केंद्र शासनाचा माहितीचा अधिकार अधिनियम 2005 कलम 4(1) (ख) नुसार जनतेस प्रसिद्ध करावयाची नियम पुस्तिका (मॅन्यूअल) अ.क्र. शीर्षक 'सारथी' माहिती पुस्तिका Read More घडामोडी सार्वजनिक प्रकटीकरण प्रशासन परिपत्रक इतर माहिती निविदा भरणे कार्यपत्रिका व सभावृत्तांत बांधकाम साहित्याचे दर स्थानिक संस्था कर भरा नगररचना जाहीर नोटीस,Unknown,Unknown,MEDIUM,hi,0.0,pcmc_pune
37,पिंपरी चिंचवड महानगरपालिका | कटिबद्ध जनहिताय उद्देशाने प्रेरित महानगरपालिका मुख्य पृष्ठ विभाग मुख्य पृष्ठ / महानगरपालिका / विभाग ग क्षेत्रीय कार्यालय लेखा केंद्र शासनाचा माहितीचा अधिकार अधिनियम 2005 कलम 4(1) (ख) नुसार जनतेस प्रसिद्ध करावयाची नियम पुस्तिका (मॅन्यूअल) अ.क्र. शीर्षक महानगरपालिकेच्या फेसबुक पेज चे अनावरण Read More घडामोडी सार्वजनिक प्रकटीकरण प्रशासन परिपत्रक इतर माहिती निविदा भरणे कार्यपत्रिका व सभावृत्तांत बांधकाम साहित्याचे दर स्थानिक संस्था कर भरा नगररचना जाहीर नोटीस,पिंपरी चिंचवड महानगरपालिका | कटिबद्ध जनहिताय उद्देशाने प्रेरित महानगरपालिका मुख्य पृष्ठ विभाग मुख्य पृष्ठ / महानगरपालिका / विभाग ग क्षेत्रीय कार्यालय लेखा केंद्र शासनाचा माहितीचा अधिकार अधिनियम 2005 कलम 4(1) (ख) नुसार जनतेस प्रसिद्ध करावयाची नियम पुस्तिका (मॅन्यूअल) अ.क्र. शीर्षक महानगरपालिकेच्या फेसबुक पेज चे अनावरण Read More घडामोडी सार्वजनिक प्रकटीकरण प्रशासन परिपत्रक इतर माहिती निविदा भरणे कार्यपत्रिका व सभावृत्तांत बांधकाम साहित्याचे दर स्थानिक संस्था कर भरा नगररचना जाहीर नोटीस,Unknown,Unknown,MEDIUM,hi,0.0,pcmc_pune
38,पिंपरी चिंचवड महानगरपालिका | कटिबद्ध जनहिताय उद्देशाने प्रेरित महानगरपालिका मुख्य पृष्ठ विभाग मुख्य पृष्ठ / महानगरपालिका / विभाग ह क्षेत्रीय कार्यालय लेखा केंद्र शासनाचा माहितीचा अधिकार अधिनियम 2005 कलम 4(1) (ख) नुसार जनतेस प्रसिद्ध करावयाची नियम पुस्तिका (मॅन्यूअल) अ.क्र. शीर्षक विज्ञान विश्वाची सफर घडविणार 'सायन्स पार्क' Read More घडामोडी सार्वजनिक प्रकटीकरण प्रशासन परिपत्रक इतर माहिती निविदा भरणे कार्यपत्रिका व सभावृत्तांत बांधकाम साहित्याचे दर स्थानिक संस्था कर भरा नगररचना जाहीर नोटीस,पिंपरी चिंचवड महानगरपालिका | कटिबद्ध जनहिताय उद्देशाने प्रेरित महानगरपालिका मुख्य पृष्ठ विभाग मुख्य पृष्ठ / महानगरपालिका / विभाग ह क्षेत्रीय कार्यालय लेखा केंद्र शासनाचा माहितीचा अधिकार अधिनियम 2005 कलम 4(1) (ख) नुसार जनतेस प्रसिद्ध करावयाची नियम पुस्तिका (मॅन्यूअल) अ.क्र. शीर्षक विज्ञान विश्वाची सफर घडविणार 'सायन्स पार्क' Read More घडामोडी सार्वजनिक प्रकटीकरण प्रशासन परिपत्रक इतर माहिती निविदा भरणे कार्यपत्रिका व सभावृत्तांत बांधकाम साहित्याचे दर स्थानिक संस्था कर भरा नगररचना जाहीर नोटीस,Unknown,Unknown,MEDIUM,hi,0.0,pcmc_pune
39,"पिंपरी चिंचवड महानगरपालिका | कटिबद्ध जनहिताय उद्देशाने प्रेरित महानगरपालिका मुख्य पृष्ठ विभाग मुख्य पृष्ठ / महानगरपालिका / विभाग अति. अधीक्षक अभियंता, झो.नि.पु केंद्र शासनाचा माहितीचा अधिकार अधिनियम 2005 कलम 4(1) (ख) नुसार जनतेस प्रसिद्ध करावयाची नियम पुस्तिका (मॅन्यूअल) अ.क्र. शीर्षक विज्ञान विश्वाची सफर घडविणार 'सायन्स पार्क' Read More घडामोडी सार्वजनिक प्रकटीकरण प्रशासन परिपत्रक इतर माहिती निविदा भरणे कार्यपत्रिका व सभावृत्तांत बांधकाम साहित्याचे दर स्थानिक संस्था कर भरा नगररचना जाहीर नोटीस","पिंपरी चिंचवड महानगरपालिका | कटिबद्ध जनहिताय उद्देशाने प्रेरित महानगरपालिका मुख्य पृष्ठ विभाग मुख्य पृष्ठ / महानगरपालिका / विभाग अति. अधीक्षक अभियंता, झो.नि.पु केंद्र शासनाचा माहितीचा अधिकार अधिनियम 2005 कलम 4(1) (ख) नुसार जनतेस प्रसिद्ध करावयाची नियम पुस्तिका (मॅन्यूअल) अ.क्र. शीर्षक विज्ञान विश्वाची सफर घडविणार 'सायन्स पार्क' Read More घडामोडी सार्वजनिक प्रकटीकरण प्रशासन परिपत्रक इतर माहिती निविदा भरणे कार्यपत्रिका व सभावृत्तांत बांधकाम साहित्याचे दर स्थानिक संस्था कर भरा नगररचना जाहीर नोटीस",Unknown,Unknown,MEDIUM,hi,0.0,pcmc_pune
40,पिंपरी चिंचवड महानगरपालिका | कटिबद्ध जनहिताय उद्देशाने प्रेरित महानगरपालिका मुख्य पृष्ठ विभाग मुख्य पृष्ठ / महानगरपालिका / विभाग बी.ओ.टी केंद्र शासनाचा माहितीचा अधिकार अधिनियम 2005 कलम 4(1) (ख) नुसार जनतेस प्रसिद्ध करावयाची नियम पुस्तिका (मॅन्यूअल) अ.क्र. शीर्षक विज्ञान विश्वाची सफर घडविणार 'सायन्स पार्क' Read More घडामोडी सार्वजनिक प्रकटीकरण प्रशासन परिपत्रक इतर माहिती निविदा भरणे कार्यपत्रिका व सभावृत्तांत बांधकाम साहित्याचे दर स्थानिक संस्था कर भरा नगररचना जाहीर नोटीस,पिंपरी चिंचवड महानगरपालिका | कटिबद्ध जनहिताय उद्देशाने प्रेरित महानगरपालिका मुख्य पृष्ठ विभाग मुख्य पृष्ठ / महानगरपालिका / विभाग बी.ओ.टी केंद्र शासनाचा माहितीचा अधिकार अधिनियम 2005 कलम 4(1) (ख) नुसार जनतेस प्रसिद्ध करावयाची नियम पुस्तिका (मॅन्यूअल) अ.क्र. शीर्षक विज्ञान विश्वाची सफर घडविणार 'सायन्स पार्क' Read More घडामोडी सार्वजनिक प्रकटीकरण प्रशासन परिपत्रक इतर माहिती निविदा भरणे कार्यपत्रिका व सभावृत्तांत बांधकाम साहित्याचे दर स्थानिक संस्था कर भरा नगररचना जाहीर नोटीस,Unknown,Unknown,MEDIUM,hi,0.0,pcmc_pune
41,"पिंपरी चिंचवड महानगरपालिका | कटिबद्ध जनहिताय उद्देशाने प्रेरित महानगरपालिका मुख्य पृष्ठ विभाग मुख्य पृष्ठ / महानगरपालिका / विभाग स्थापत्य उद्यान केंद्र शासनाचा माहितीचा अधिकार अधिनियम 2005 कलम 4(1) (ख) नुसार जनतेस प्रसिद्ध करावयाची नियम पुस्तिका (मॅन्यूअल) अ.क्र. शीर्षक 1 कार्यालयाचा तपशिल,कामकाज आणि कर्तव्ये. 2 अधिकारी व कर्मचारी यांची नामदर्शिका. 3 सार्वजनिक माहिती अधिकारी यांचे नांव,पदनाम व इतर तपशिल. विज्ञान विश्वाची सफर घडविणार 'सायन्स पार्क' Read More घडामोडी सार्वजनिक प्रकटीकरण प्रशासन परिपत्रक इतर माहिती निविदा भरणे कार्यपत्रिका व सभावृत्तांत बांधकाम साहित्याचे दर स्थानिक संस्था कर भरा नगररचना जाहीर नोटीस","पिंपरी चिंचवड महानगरपालिका | कटिबद्ध जनहिताय उद्देशाने प्रेरित महानगरपालिका मुख्य पृष्ठ विभाग मुख्य पृष्ठ / महानगरपालिका / विभाग स्थापत्य उद्यान केंद्र शासनाचा माहितीचा अधिकार अधिनियम 2005 कलम 4(1) (ख) नुसार जनतेस प्रसिद्ध करावयाची नियम पुस्तिका (मॅन्यूअल) अ.क्र. शीर्षक 1 कार्यालयाचा तपशिल,कामकाज आणि कर्तव्ये. 2 अधिकारी व कर्मचारी यांची नामदर्शिका. 3 सार्वजनिक माहिती अधिकारी यांचे नांव,पदनाम व इतर तपशिल. विज्ञान विश्वाची सफर घडविणार 'सायन्स पार्क' Read More घडामोडी सार्वजनिक प्रकटीकरण प्रशासन परिपत्रक इतर माहिती निविदा भरणे कार्यपत्रिका व सभावृत्तांत बांधकाम साहित्याचे दर स्थानिक संस्था कर भरा नगररचना जाहीर नोटीस",Unknown,Unknown,MEDIUM,hi,0.0,pcmc_pune
42,पिंपरी चिंचवड महानगरपालिका | कटिबद्ध जनहिताय उद्देशाने प्रेरित महानगरपालिका मुख्य पृष्ठ विभाग मुख्य पृष्ठ / महानगरपालिका / विभाग स्थापत्य प्रकल्प केंद्र शासनाचा माहितीचा अधिकार अधिनियम 2005 कलम 4(1) (ख) नुसार जनतेस प्रसिद्ध करावयाची नियम पुस्तिका (मॅन्यूअल) अ.क्र. शीर्षक विज्ञान विश्वाची सफर घडविणार 'सायन्स पार्क' Read More घडामोडी सार्वजनिक प्रकटीकरण प्रशासन परिपत्रक इतर माहिती निविदा भरणे कार्यपत्रिका व सभावृत्तांत बांधकाम साहित्याचे दर स्थानिक संस्था कर भरा नगररचना जाहीर नोटीस,पिंपरी चिंचवड महानगरपालिका | कटिबद्ध जनहिताय उद्देशाने प्रेरित महानगरपालिका मुख्य पृष्ठ विभाग मुख्य पृष्ठ / महानगरपालिका / विभाग स्थापत्य प्रकल्प केंद्र शासनाचा माहितीचा अधिकार अधिनियम 2005 कलम 4(1) (ख) नुसार जनतेस प्रसिद्ध करावयाची नियम पुस्तिका (मॅन्यूअल) अ.क्र. शीर्षक विज्ञान विश्वाची सफर घडविणार 'सायन्स पार्क' Read More घडामोडी सार्वजनिक प्रकटीकरण प्रशासन परिपत्रक इतर माहिती निविदा भरणे कार्यपत्रिका व सभावृत्तांत बांधकाम साहित्याचे दर स्थानिक संस्था कर भरा नगररचना जाहीर नोटीस,Unknown,Unknown,MEDIUM,hi,0.0,pcmc_pune
43,पिंपरी चिंचवड महानगरपालिका | कटिबद्ध जनहिताय उद्देशाने प्रेरित महानगरपालिका मुख्य पृष्ठ विभाग मुख्य पृष्ठ / महानगरपालिका / विभाग YCMH PGI केंद्र शासनाचा माहितीचा अधिकार अधिनियम 2005 कलम 4(1) (ख) नुसार जनतेस प्रसिद्ध करावयाची नियम पुस्तिका (मॅन्यूअल) अ.क्र. शीर्षक महानगरपालिकेच्या फेसबुक पेज चे अनावरण Read More घडामोडी सार्वजनिक प्रकटीकरण प्रशासन परिपत्रक इतर माहिती निविदा भरणे कार्यपत्रिका व सभावृत्तांत बांधकाम साहित्याचे दर स्थानिक संस्था कर भरा नगररचना जाहीर नोटीस,पिंपरी चिंचवड महानगरपालिका | कटिबद्ध जनहिताय उद्देशाने प्रेरित महानगरपालिका मुख्य पृष्ठ विभाग मुख्य पृष्ठ / महानगरपालिका / विभाग YCMH PGI केंद्र शासनाचा माहितीचा अधिकार अधिनियम 2005 कलम 4(1) (ख) नुसार जनतेस प्रसिद्ध करावयाची नियम पुस्तिका (मॅन्यूअल) अ.क्र. शीर्षक महानगरपालिकेच्या फेसबुक पेज चे अनावरण Read More घडामोडी सार्वजनिक प्रकटीकरण प्रशासन परिपत्रक इतर माहिती निविदा भरणे कार्यपत्रिका व सभावृत्तांत बांधकाम साहित्याचे दर स्थानिक संस्था कर भरा नगररचना जाहीर नोटीस,Unknown,Unknown,MEDIUM,hi,0.0,pcmc_pune
44,पिंपरी चिंचवड महानगरपालिका | कटिबद्ध जनहिताय उद्देशाने प्रेरित महानगरपालिका मुख्य पृष्ठ विभाग मुख्य पृष्ठ / महानगरपालिका / विभाग स्थापत्य प्रक्लप केंद्र शासनाचा माहितीचा अधिकार अधिनियम 2005 कलम 4(1) (ख) नुसार जनतेस प्रसिद्ध करावयाची नियम पुस्तिका (मॅन्यूअल) अ.क्र. शीर्षक 'सारथी' माहिती पुस्तिका Read More घडामोडी सार्वजनिक प्रकटीकरण प्रशासन परिपत्रक इतर माहिती निविदा भरणे कार्यपत्रिका व सभावृत्तांत बांधकाम साहित्याचे दर स्थानिक संस्था कर भरा नगररचना जाहीर नोटीस,पिंपरी चिंचवड महानगरपालिका | कटिबद्ध जनहिताय उद्देशाने प्रेरित महानगरपालिका मुख्य पृष्ठ विभाग मुख्य पृष्ठ / महानगरपालिका / विभाग स्थापत्य प्रक्लप केंद्र शासनाचा माहितीचा अधिकार अधिनियम 2005 कलम 4(1) (ख) नुसार जनतेस प्रसिद्ध करावयाची नियम पुस्तिका (मॅन्यूअल) अ.क्र. शीर्षक 'सारथी' माहिती पुस्तिका Read More घडामोडी सार्वजनिक प्रकटीकरण प्रशासन परिपत्रक इतर माहिती निविदा भरणे कार्यपत्रिका व सभावृत्तांत बांधकाम साहित्याचे दर स्थानिक संस्था कर भरा नगररचना जाहीर नोटीस,Unknown,Unknown,MEDIUM,hi,0.0,pcmc_pune
45,पिंपरी चिंचवड महानगरपालिका | कटिबद्ध जनहिताय उद्देशाने प्रेरित महानगरपालिका मुख्य पृष्ठ विभागवार प्रसिद्ध झालेल्या निविदा मुख्य पृष्ठ / ई - पी.सी.एम. सी / विभागवार प्रसिद्ध झालेल्या निविदा अ क्षेत्रीय कार्यालय Sr. No. Work Order Details Year Tender Number Order Agreement 1 कामांचे 2025-2026 1234 View order View Agreement विज्ञान विश्वाची सफर घडविणार 'सायन्स पार्क' Read More घडामोडी सार्वजनिक प्रकटीकरण प्रशासन परिपत्रक इतर माहिती निविदा भरणे कार्यपत्रिका व सभावृत्तांत बांधकाम साहित्याचे दर स्थानिक संस्था कर भरा नगररचना जाहीर नोटीस,पिंपरी चिंचवड महानगरपालिका | कटिबद्ध जनहिताय उद्देशाने प्रेरित महानगरपालिका मुख्य पृष्ठ विभागवार प्रसिद्ध झालेल्या निविदा मुख्य पृष्ठ / ई - पी.सी.एम. सी / विभागवार प्रसिद्ध झालेल्या निविदा अ क्षेत्रीय कार्यालय Sr. No. Work Order Details Year Tender Number Order Agreement 1 कामांचे 2025-2026 1234 View order View Agreement विज्ञान विश्वाची सफर घडविणार 'सायन्स पार्क' Read More घडामोडी सार्वजनिक प्रकटीकरण प्रशासन परिपत्रक इतर माहिती निविदा भरणे कार्यपत्रिका व सभावृत्तांत बांधकाम साहित्याचे दर स्थानिक संस्था कर भरा नगररचना जाहीर नोटीस,Unknown,Unknown,MEDIUM,hi,0.0,pcmc_pune
46,पिंपरी चिंचवड महानगरपालिका | कटिबद्ध जनहिताय उद्देशाने प्रेरित महानगरपालिका मुख्य पृष्ठ विभागवार प्रसिद्ध झालेल्या निविदा मुख्य पृष्ठ / ई - पी.सी.एम. सी / विभागवार प्रसिद्ध झालेल्या निविदा अ क्षेत्रीय कार्यालय स्थापत्य Sr. No. Work Order Details Year Tender Number Order Agreement No record found विज्ञान विश्वाची सफर घडविणार 'सायन्स पार्क' Read More घडामोडी सार्वजनिक प्रकटीकरण प्रशासन परिपत्रक इतर माहिती निविदा भरणे कार्यपत्रिका व सभावृत्तांत बांधकाम साहित्याचे दर स्थानिक संस्था कर भरा नगररचना जाहीर नोटीस,पिंपरी चिंचवड महानगरपालिका | कटिबद्ध जनहिताय उद्देशाने प्रेरित महानगरपालिका मुख्य पृष्ठ विभागवार प्रसिद्ध झालेल्या निविदा मुख्य पृष्ठ / ई - पी.सी.एम. सी / विभागवार प्रसिद्ध झालेल्या निविदा अ क्षेत्रीय कार्यालय स्थापत्य Sr. No. Work Order Details Year Tender Number Order Agreement No record found विज्ञान विश्वाची सफर घडविणार 'सायन्स पार्क' Read More घडामोडी सार्वजनिक प्रकटीकरण प्रशासन परिपत्रक इतर माहिती निविदा भरणे कार्यपत्रिका व सभावृत्तांत बांधकाम साहित्याचे दर स्थानिक संस्था कर भरा नगररचना जाहीर नोटीस,Unknown,Unknown,MEDIUM,hi,0.0,pcmc_pune
47,पिंपरी चिंचवड महानगरपालिका | कटिबद्ध जनहिताय उद्देशाने प्रेरित महानगरपालिका मुख्य पृष्ठ विभागवार प्रसिद्ध झालेल्या निविदा मुख्य पृष्ठ / ई - पी.सी.एम. सी / विभागवार प्रसिद्ध झालेल्या निविदा अ क्षेत्रीय कार्यालय पाणी पुरवठा Sr. No. Work Order Details Year Tender Number Order Agreement No record found विज्ञान विश्वाची सफर घडविणार 'सायन्स पार्क' Read More घडामोडी सार्वजनिक प्रकटीकरण प्रशासन परिपत्रक इतर माहिती निविदा भरणे कार्यपत्रिका व सभावृत्तांत बांधकाम साहित्याचे दर स्थानिक संस्था कर भरा नगररचना जाहीर नोटीस,पिंपरी चिंचवड महानगरपालिका | कटिबद्ध जनहिताय उद्देशाने प्रेरित महानगरपालिका मुख्य पृष्ठ विभागवार प्रसिद्ध झालेल्या निविदा मुख्य पृष्ठ / ई - पी.सी.एम. सी / विभागवार प्रसिद्ध झालेल्या निविदा अ क्षेत्रीय कार्यालय पाणी पुरवठा Sr. No. Work Order Details Year Tender Number Order Agreement No record found विज्ञान विश्वाची सफर घडविणार 'सायन्स पार्क' Read More घडामोडी सार्वजनिक प्रकटीकरण प्रशासन परिपत्रक इतर माहिती निविदा भरणे कार्यपत्रिका व सभावृत्तांत बांधकाम साहित्याचे दर स्थानिक संस्था कर भरा नगररचना जाहीर नोटीस,Unknown,Unknown,MEDIUM,hi,0.0,pcmc_pune
48,पिंपरी चिंचवड महानगरपालिका | कटिबद्ध जनहिताय उद्देशाने प्रेरित महानगरपालिका मुख्य पृष्ठ विभागवार प्रसिद्ध झालेल्या निविदा मुख्य पृष्ठ / ई - पी.सी.एम. सी / विभागवार प्रसिद्ध झालेल्या निविदा अ क्षेत्रीय कार्यालय विदयुत Sr. No. Work Order Details Year Tender Number Order Agreement No record found विज्ञान विश्वाची सफर घडविणार 'सायन्स पार्क' Read More घडामोडी सार्वजनिक प्रकटीकरण प्रशासन परिपत्रक इतर माहिती निविदा भरणे कार्यपत्रिका व सभावृत्तांत बांधकाम साहित्याचे दर स्थानिक संस्था कर भरा नगररचना जाहीर नोटीस,पिंपरी चिंचवड महानगरपालिका | कटिबद्ध जनहिताय उद्देशाने प्रेरित महानगरपालिका मुख्य पृष्ठ विभागवार प्रसिद्ध झालेल्या निविदा मुख्य पृष्ठ / ई - पी.सी.एम. सी / विभागवार प्रसिद्ध झालेल्या निविदा अ क्षेत्रीय कार्यालय विदयुत Sr. No. Work Order Details Year Tender Number Order Agreement No record found विज्ञान विश्वाची सफर घडविणार 'सायन्स पार्क' Read More घडामोडी सार्वजनिक प्रकटीकरण प्रशासन परिपत्रक इतर माहिती निविदा भरणे कार्यपत्रिका व सभावृत्तांत बांधकाम साहित्याचे दर स्थानिक संस्था कर भरा नगररचना जाहीर नोटीस,Unknown,Unknown,MEDIUM,hi,0.0,pcmc_pune
49,पिंपरी चिंचवड महानगरपालिका | कटिबद्ध जनहिताय उद्देशाने प्रेरित महानगरपालिका मुख्य पृष्ठ विभागवार प्रसिद्ध झालेल्या निविदा मुख्य पृष्ठ / ई - पी.सी.एम. सी / विभागवार प्रसिद्ध झालेल्या निविदा ब क्षेत्रीय कार्यालय स्थापत्य Sr. No. Work Order Details Year Tender Number Order Agreement No record found 'सारथी' माहिती पुस्तिका Read More घडामोडी सार्वजनिक प्रकटीकरण प्रशासन परिपत्रक इतर माहिती निविदा भरणे कार्यपत्रिका व सभावृत्तांत बांधकाम साहित्याचे दर स्थानिक संस्था कर भरा नगररचना जाहीर नोटीस,पिंपरी चिंचवड महानगरपालिका | कटिबद्ध जनहिताय उद्देशाने प्रेरित महानगरपालिका मुख्य पृष्ठ विभागवार प्रसिद्ध झालेल्या निविदा मुख्य पृष्ठ / ई - पी.सी.एम. सी / विभागवार प्रसिद्ध झालेल्या निविदा ब क्षेत्रीय कार्यालय स्थापत्य Sr. No. Work Order Details Year Tender Number Order Agreement No record found 'सारथी' माहिती पुस्तिका Read More घडामोडी सार्वजनिक प्रकटीकरण प्रशासन परिपत्रक इतर माहिती निविदा भरणे कार्यपत्रिका व सभावृत्तांत बांधकाम साहित्याचे दर स्थानिक संस्था कर भरा नगररचना जाहीर नोटीस,Unknown,Unknown,MEDIUM,hi,0.0,pcmc_pune
51,पिंपरी चिंचवड महानगरपालिका | कटिबद्ध जनहिताय उद्देशाने प्रेरित महानगरपालिका मुख्य पृष्ठ विभागवार प्रसिद्ध झालेल्या निविदा मुख्य पृष्ठ / ई - पी.सी.एम. सी / विभागवार प्रसिद्ध झालेल्या निविदा ब क्षेत्रीय कार्यालय पाणी पुरवठा Sr. No. Work Order Details Year Tender Number Order Agreement No record found विज्ञान विश्वाची सफर घडविणार 'सायन्स पार्क' Read More घडामोडी सार्वजनिक प्रकटीकरण प्रशासन परिपत्रक इतर माहिती निविदा भरणे कार्यपत्रिका व सभावृत्तांत बांधकाम साहित्याचे दर स्थानिक संस्था कर भरा नगररचना जाहीर नोटीस,पिंपरी चिंचवड महानगरपालिका | कटिबद्ध जनहिताय उद्देशाने प्रेरित महानगरपालिका मुख्य पृष्ठ विभागवार प्रसिद्ध झालेल्या निविदा मुख्य पृष्ठ / ई - पी.सी.एम. सी / विभागवार प्रसिद्ध झालेल्या निविदा ब क्षेत्रीय कार्यालय पाणी पुरवठा Sr. No. Work Order Details Year Tender Number Order Agreement No record found विज्ञान विश्वाची सफर घडविणार 'सायन्स पार्क' Read More घडामोडी सार्वजनिक प्रकटीकरण प्रशासन परिपत्रक इतर माहिती निविदा भरणे कार्यपत्रिका व सभावृत्तांत बांधकाम साहित्याचे दर स्थानिक संस्था कर भरा नगररचना जाहीर नोटीस,Unknown,Unknown,MEDIUM,hi,0.0,pcmc_pune
52,पिंपरी चिंचवड महानगरपालिका | कटिबद्ध जनहिताय उद्देशाने प्रेरित महानगरपालिका मुख्य पृष्ठ विभागवार प्रसिद्ध झालेल्या निविदा मुख्य पृष्ठ / ई - पी.सी.एम. सी / विभागवार प्रसिद्ध झालेल्या निविदा ब क्षेत्रीय कार्यालय विदयुत Sr. No. Work Order Details Year Tender Number Order Agreement No record found 'सारथी' माहिती पुस्तिका Read More घडामोडी सार्वजनिक प्रकटीकरण प्रशासन परिपत्रक इतर माहिती निविदा भरणे कार्यपत्रिका व सभावृत्तांत बांधकाम साहित्याचे दर स्थानिक संस्था कर भरा नगररचना जाहीर नोटीस,पिंपरी चिंचवड महानगरपालिका | कटिबद्ध जनहिताय उद्देशाने प्रेरित महानगरपालिका मुख्य पृष्ठ विभागवार प्रसिद्ध झालेल्या निविदा मुख्य पृष्ठ / ई - पी.सी.एम. सी / विभागवार प्रसिद्ध झालेल्या निविदा ब क्षेत्रीय कार्यालय विदयुत Sr. No. Work Order Details Year Tender Number Order Agreement No record found 'सारथी' माहिती पुस्तिका Read More घडामोडी सार्वजनिक प्रकटीकरण प्रशासन परिपत्रक इतर माहिती निविदा भरणे कार्यपत्रिका व सभावृत्तांत बांधकाम साहित्याचे दर स्थानिक संस्था कर भरा नगररचना जाहीर नोटीस,Unknown,Unknown,MEDIUM,hi,0.0,pcmc_pune
53,पिंपरी चिंचवड महानगरपालिका | कटिबद्ध जनहिताय उद्देशाने प्रेरित महानगरपालिका मुख्य पृष्ठ विभागवार प्रसिद्ध झालेल्या निविदा मुख्य पृष्ठ / ई - पी.सी.एम. सी / विभागवार प्रसिद्ध झालेल्या निविदा क क्षेत्रीय कार्यालय पाणी पुरवठा Sr. No. Work Order Details Year Tender Number Order Agreement No record found 'सारथी' माहिती पुस्तिका Read More घडामोडी सार्वजनिक प्रकटीकरण प्रशासन परिपत्रक इतर माहिती निविदा भरणे कार्यपत्रिका व सभावृत्तांत बांधकाम साहित्याचे दर स्थानिक संस्था कर भरा नगररचना जाहीर नोटीस,पिंपरी चिंचवड महानगरपालिका | कटिबद्ध जनहिताय उद्देशाने प्रेरित महानगरपालिका मुख्य पृष्ठ विभागवार प्रसिद्ध झालेल्या निविदा मुख्य पृष्ठ / ई - पी.सी.एम. सी / विभागवार प्रसिद्ध झालेल्या निविदा क क्षेत्रीय कार्यालय पाणी पुरवठा Sr. No. Work Order Details Year Tender Number Order Agreement No record found 'सारथी' माहिती पुस्तिका Read More घडामोडी सार्वजनिक प्रकटीकरण प्रशासन परिपत्रक इतर माहिती निविदा भरणे कार्यपत्रिका व सभावृत्तांत बांधकाम साहित्याचे दर स्थानिक संस्था कर भरा नगररचना जाहीर नोटीस,Unknown,Unknown,MEDIUM,hi,0.0,pcmc_pune
54,पिंपरी चिंचवड महानगरपालिका | कटिबद्ध जनहिताय उद्देशाने प्रेरित महानगरपालिका मुख्य पृष्ठ विभागवार प्रसिद्ध झालेल्या निविदा मुख्य पृष्ठ / ई - पी.सी.एम. सी / विभागवार प्रसिद्ध झालेल्या निविदा क क्षेत्रीय कार्यालय विदयुत Sr. No. Work Order Details Year Tender Number Order Agreement No record found 'सारथी' माहिती पुस्तिका Read More घडामोडी सार्वजनिक प्रकटीकरण प्रशासन परिपत्रक इतर माहिती निविदा भरणे कार्यपत्रिका व सभावृत्तांत बांधकाम साहित्याचे दर स्थानिक संस्था कर भरा नगररचना जाहीर नोटीस,पिंपरी चिंचवड महानगरपालिका | कटिबद्ध जनहिताय उद्देशाने प्रेरित महानगरपालिका मुख्य पृष्ठ विभागवार प्रसिद्ध झालेल्या निविदा मुख्य पृष्ठ / ई - पी.सी.एम. सी / विभागवार प्रसिद्ध झालेल्या निविदा क क्षेत्रीय कार्यालय विदयुत Sr. No. Work Order Details Year Tender Number Order Agreement No record found 'सारथी' माहिती पुस्तिका Read More घडामोडी सार्वजनिक प्रकटीकरण प्रशासन परिपत्रक इतर माहिती निविदा भरणे कार्यपत्रिका व सभावृत्तांत बांधकाम साहित्याचे दर स्थानिक संस्था कर भरा नगररचना जाहीर नोटीस,Unknown,Unknown,MEDIUM,hi,0.0,pcmc_pune
55,पिंपरी चिंचवड महानगरपालिका | कटिबद्ध जनहिताय उद्देशाने प्रेरित महानगरपालिका मुख्य पृष्ठ विभागवार प्रसिद्ध झालेल्या निविदा मुख्य पृष्ठ / ई - पी.सी.एम. सी / विभागवार प्रसिद्ध झालेल्या निविदा ड क्षेत्रीय कार्यालय स्थापत्य Sr. No. Work Order Details Year Tender Number Order Agreement No record found विज्ञान विश्वाची सफर घडविणार 'सायन्स पार्क' Read More घडामोडी सार्वजनिक प्रकटीकरण प्रशासन परिपत्रक इतर माहिती निविदा भरणे कार्यपत्रिका व सभावृत्तांत बांधकाम साहित्याचे दर स्थानिक संस्था कर भरा नगररचना जाहीर नोटीस,पिंपरी चिंचवड महानगरपालिका | कटिबद्ध जनहिताय उद्देशाने प्रेरित महानगरपालिका मुख्य पृष्ठ विभागवार प्रसिद्ध झालेल्या निविदा मुख्य पृष्ठ / ई - पी.सी.एम. सी / विभागवार प्रसिद्ध झालेल्या निविदा ड क्षेत्रीय कार्यालय स्थापत्य Sr. No. Work Order Details Year Tender Number Order Agreement No record found विज्ञान विश्वाची सफर घडविणार 'सायन्स पार्क' Read More घडामोडी सार्वजनिक प्रकटीकरण प्रशासन परिपत्रक इतर माहिती निविदा भरणे कार्यपत्रिका व सभावृत्तांत बांधकाम साहित्याचे दर स्थानिक संस्था कर भरा नगररचना जाहीर नोटीस,Unknown,Unknown,MEDIUM,hi,0.0,pcmc_pune
56,पिंपरी चिंचवड महानगरपालिका | कटिबद्ध जनहिताय उद्देशाने प्रेरित महानगरपालिका मुख्य पृष्ठ विभागवार प्रसिद्ध झालेल्या निविदा मुख्य पृष्ठ / ई - पी.सी.एम. सी / विभागवार प्रसिद्ध झालेल्या निविदा ड क्षेत्रीय कार्यालय आरोग्य Sr. No. Work Order Details Year Tender Number Order Agreement 1 स्वच्छ भारत अभियान अंतर्गत विविध प्रकारची बोलकी छायाचित्रे व घोषवाक्य पेंटींगबाबत (फ्लॅक्स/बॅनर) 2025-2026 1 View order - महानगरपालिकेच्या फेसबुक पेज चे अनावरण Read More घडामोडी सार्वजनिक प्रकटीकरण प्रशासन परिपत्रक इतर माहिती निविदा भरणे कार्यपत्रिका व सभावृत्तांत बांधकाम साहित्याचे दर स्थानिक संस्था कर भरा नगररचना जाहीर नोटीस,पिंपरी चिंचवड महानगरपालिका | कटिबद्ध जनहिताय उद्देशाने प्रेरित महानगरपालिका मुख्य पृष्ठ विभागवार प्रसिद्ध झालेल्या निविदा मुख्य पृष्ठ / ई - पी.सी.एम. सी / विभागवार प्रसिद्ध झालेल्या निविदा ड क्षेत्रीय कार्यालय आरोग्य Sr. No. Work Order Details Year Tender Number Order Agreement 1 स्वच्छ भारत अभियान अंतर्गत विविध प्रकारची बोलकी छायाचित्रे व घोषवाक्य पेंटींगबाबत (फ्लॅक्स/बॅनर) 2025-2026 1 View order - महानगरपालिकेच्या फेसबुक पेज चे अनावरण Read More घडामोडी सार्वजनिक प्रकटीकरण प्रशासन परिपत्रक इतर माहिती निविदा भरणे कार्यपत्रिका व सभावृत्तांत बांधकाम साहित्याचे दर स्थानिक संस्था कर भरा नगररचना जाहीर नोटीस,Unknown,Unknown,MEDIUM,hi,0.0,pcmc_pune
57,पिंपरी चिंचवड महानगरपालिका | कटिबद्ध जनहिताय उद्देशाने प्रेरित महानगरपालिका मुख्य पृष्ठ विभागवार प्रसिद्ध झालेल्या निविदा मुख्य पृष्ठ / ई - पी.सी.एम. सी / विभागवार प्रसिद्ध झालेल्या निविदा ड क्षेत्रीय कार्यालय पाणी पुरवठा Sr. No. Work Order Details Year Tender Number Order Agreement No record found 'सारथी' माहिती पुस्तिका Read More घडामोडी सार्वजनिक प्रकटीकरण प्रशासन परिपत्रक इतर माहिती निविदा भरणे कार्यपत्रिका व सभावृत्तांत बांधकाम साहित्याचे दर स्थानिक संस्था कर भरा नगररचना जाहीर नोटीस,पिंपरी चिंचवड महानगरपालिका | कटिबद्ध जनहिताय उद्देशाने प्रेरित महानगरपालिका मुख्य पृष्ठ विभागवार प्रसिद्ध झालेल्या निविदा मुख्य पृष्ठ / ई - पी.सी.एम. सी / विभागवार प्रसिद्ध झालेल्या निविदा ड क्षेत्रीय कार्यालय पाणी पुरवठा Sr. No. Work Order Details Year Tender Number Order Agreement No record found 'सारथी' माहिती पुस्तिका Read More घडामोडी सार्वजनिक प्रकटीकरण प्रशासन परिपत्रक इतर माहिती निविदा भरणे कार्यपत्रिका व सभावृत्तांत बांधकाम साहित्याचे दर स्थानिक संस्था कर भरा नगररचना जाहीर नोटीस,Unknown,Unknown,MEDIUM,hi,0.0,pcmc_pune
58,पिंपरी चिंचवड महानगरपालिका | कटिबद्ध जनहिताय उद्देशाने प्रेरित महानगरपालिका मुख्य पृष्ठ विभागवार प्रसिद्ध झालेल्या निविदा मुख्य पृष्ठ / ई - पी.सी.एम. सी / विभागवार प्रसिद्ध झालेल्या निविदा ड क्षेत्रीय कार्यालय विदयुत Sr. No. Work Order Details Year Tender Number Order Agreement No record found विज्ञान विश्वाची सफर घडविणार 'सायन्स पार्क' Read More घडामोडी सार्वजनिक प्रकटीकरण प्रशासन परिपत्रक इतर माहिती निविदा भरणे कार्यपत्रिका व सभावृत्तांत बांधकाम साहित्याचे दर स्थानिक संस्था कर भरा नगररचना जाहीर नोटीस,पिंपरी चिंचवड महानगरपालिका | कटिबद्ध जनहिताय उद्देशाने प्रेरित महानगरपालिका मुख्य पृष्ठ विभागवार प्रसिद्ध झालेल्या निविदा मुख्य पृष्ठ / ई - पी.सी.एम. सी / विभागवार प्रसिद्ध झालेल्या निविदा ड क्षेत्रीय कार्यालय विदयुत Sr. No. Work Order Details Year Tender Number Order Agreement No record found विज्ञान विश्वाची सफर घडविणार 'सायन्स पार्क' Read More घडामोडी सार्वजनिक प्रकटीकरण प्रशासन परिपत्रक इतर माहिती निविदा भरणे कार्यपत्रिका व सभावृत्तांत बांधकाम साहित्याचे दर स्थानिक संस्था कर भरा नगररचना जाहीर नोटीस,Unknown,Unknown,MEDIUM,hi,0.0,pcmc_pune
59,पिंपरी चिंचवड महानगरपालिका | कटिबद्ध जनहिताय उद्देशाने प्रेरित महानगरपालिका मुख्य पृष्ठ विभागवार प्रसिद्ध झालेल्या निविदा मुख्य पृष्ठ / ई - पी.सी.एम. सी / विभागवार प्रसिद्ध झालेल्या निविदा शिक्षण विभाग Sr. No. Work Order Details Year Tender Number Order Agreement No record found 'सारथी' माहिती पुस्तिका Read More घडामोडी सार्वजनिक प्रकटीकरण प्रशासन परिपत्रक इतर माहिती निविदा भरणे कार्यपत्रिका व सभावृत्तांत बांधकाम साहित्याचे दर स्थानिक संस्था कर भरा नगररचना जाहीर नोटीस,पिंपरी चिंचवड महानगरपालिका | कटिबद्ध जनहिताय उद्देशाने प्रेरित महानगरपालिका मुख्य पृष्ठ विभागवार प्रसिद्ध झालेल्या निविदा मुख्य पृष्ठ / ई - पी.सी.एम. सी / विभागवार प्रसिद्ध झालेल्या निविदा शिक्षण विभाग Sr. No. Work Order Details Year Tender Number Order Agreement No record found 'सारथी' माहिती पुस्तिका Read More घडामोडी सार्वजनिक प्रकटीकरण प्रशासन परिपत्रक इतर माहिती निविदा भरणे कार्यपत्रिका व सभावृत्तांत बांधकाम साहित्याचे दर स्थानिक संस्था कर भरा नगररचना जाहीर नोटीस,Unknown,Unknown,MEDIUM,hi,0.0,pcmc_pune
60,पिंपरी चिंचवड महानगरपालिका | कटिबद्ध जनहिताय उद्देशाने प्रेरित महानगरपालिका मुख्य पृष्ठ विभागवार प्रसिद्ध झालेल्या निविदा मुख्य पृष्ठ / ई - पी.सी.एम. सी / विभागवार प्रसिद्ध झालेल्या निविदा आरोग्य Sr. No. Work Order Details Year Tender Number Order Agreement No record found महानगरपालिकेच्या फेसबुक पेज चे अनावरण Read More घडामोडी सार्वजनिक प्रकटीकरण प्रशासन परिपत्रक इतर माहिती निविदा भरणे कार्यपत्रिका व सभावृत्तांत बांधकाम साहित्याचे दर स्थानिक संस्था कर भरा नगररचना जाहीर नोटीस,पिंपरी चिंचवड महानगरपालिका | कटिबद्ध जनहिताय उद्देशाने प्रेरित महानगरपालिका मुख्य पृष्ठ विभागवार प्रसिद्ध झालेल्या निविदा मुख्य पृष्ठ / ई - पी.सी.एम. सी / विभागवार प्रसिद्ध झालेल्या निविदा आरोग्य Sr. No. Work Order Details Year Tender Number Order Agreement No record found महानगरपालिकेच्या फेसबुक पेज चे अनावरण Read More घडामोडी सार्वजनिक प्रकटीकरण प्रशासन परिपत्रक इतर माहिती निविदा भरणे कार्यपत्रिका व सभावृत्तांत बांधकाम साहित्याचे दर स्थानिक संस्था कर भरा नगररचना जाहीर नोटीस,Unknown,Unknown,MEDIUM,hi,0.0,pcmc_pune
61,पिंपरी चिंचवड महानगरपालिका | कटिबद्ध जनहिताय उद्देशाने प्रेरित महानगरपालिका मुख्य पृष्ठ विभागवार प्रसिद्ध झालेल्या निविदा मुख्य पृष्ठ / ई - पी.सी.एम. सी / विभागवार प्रसिद्ध झालेल्या निविदा भुमी आणि जिंदगी Sr. No. Work Order Details Year Tender Number Order Agreement 1 पिंपरी चिंचवड महानगरपालिकेच्या मुख्य कार्यालय इमारतीच्या आवारातील उपहारगृह (कॅन्टीन) ची जागा ५ वर्ष कालावधीकरीता भाडेतत्तावर देणेबाबत... 2025-2026 5/2024-2025 View order View Agreement महानगरपालिकेच्या फेसबुक पेज चे अनावरण Read More घडामोडी सार्वजनिक प्रकटीकरण प्रशासन परिपत्रक इतर माहिती निविदा भरणे कार्यपत्रिका व सभावृत्तांत बांधकाम साहित्याचे दर स्थानिक संस्था कर भरा नगररचना जाहीर नोटीस,पिंपरी चिंचवड महानगरपालिका | कटिबद्ध जनहिताय उद्देशाने प्रेरित महानगरपालिका मुख्य पृष्ठ विभागवार प्रसिद्ध झालेल्या निविदा मुख्य पृष्ठ / ई - पी.सी.एम. सी / विभागवार प्रसिद्ध झालेल्या निविदा भुमी आणि जिंदगी Sr. No. Work Order Details Year Tender Number Order Agreement 1 पिंपरी चिंचवड महानगरपालिकेच्या मुख्य कार्यालय इमारतीच्या आवारातील उपहारगृह (कॅन्टीन) ची जागा ५ वर्ष कालावधीकरीता भाडेतत्तावर देणेबाबत... 2025-2026 5/2024-2025 View order View Agreement महानगरपालिकेच्या फेसबुक पेज चे अनावरण Read More घडामोडी सार्वजनिक प्रकटीकरण प्रशासन परिपत्रक इतर माहिती निविदा भरणे कार्यपत्रिका व सभावृत्तांत बांधकाम साहित्याचे दर स्थानिक संस्था कर भरा नगररचना जाहीर नोटीस,Unknown,Unknown,MEDIUM,hi,0.0,pcmc_pune
62,पिंपरी चिंचवड महानगरपालिका | कटिबद्ध जनहिताय उद्देशाने प्रेरित महानगरपालिका मुख्य पृष्ठ विभागवार प्रसिद्ध झालेल्या निविदा मुख्य पृष्ठ / ई - पी.सी.एम. सी / विभागवार प्रसिद्ध झालेल्या निविदा करसंकलन Sr. No. Work Order Details Year Tender Number Order Agreement No record found महानगरपालिकेच्या फेसबुक पेज चे अनावरण Read More घडामोडी सार्वजनिक प्रकटीकरण प्रशासन परिपत्रक इतर माहिती निविदा भरणे कार्यपत्रिका व सभावृत्तांत बांधकाम साहित्याचे दर स्थानिक संस्था कर भरा नगररचना जाहीर नोटीस,पिंपरी चिंचवड महानगरपालिका | कटिबद्ध जनहिताय उद्देशाने प्रेरित महानगरपालिका मुख्य पृष्ठ विभागवार प्रसिद्ध झालेल्या निविदा मुख्य पृष्ठ / ई - पी.सी.एम. सी / विभागवार प्रसिद्ध झालेल्या निविदा करसंकलन Sr. No. Work Order Details Year Tender Number Order Agreement No record found महानगरपालिकेच्या फेसबुक पेज चे अनावरण Read More घडामोडी सार्वजनिक प्रकटीकरण प्रशासन परिपत्रक इतर माहिती निविदा भरणे कार्यपत्रिका व सभावृत्तांत बांधकाम साहित्याचे दर स्थानिक संस्था कर भरा नगररचना जाहीर नोटीस,Unknown,Unknown,MEDIUM,hi,0.0,pcmc_pune
63,पिंपरी चिंचवड महानगरपालिका | कटिबद्ध जनहिताय उद्देशाने प्रेरित महानगरपालिका मुख्य पृष्ठ विभागवार प्रसिद्ध झालेल्या निविदा मुख्य पृष्ठ / ई - पी.सी.एम. सी / विभागवार प्रसिद्ध झालेल्या निविदा माध्यमिक शिक्षण Sr. No. Work Order Details Year Tender Number Order Agreement No record found 'सारथी' माहिती पुस्तिका Read More घडामोडी सार्वजनिक प्रकटीकरण प्रशासन परिपत्रक इतर माहिती निविदा भरणे कार्यपत्रिका व सभावृत्तांत बांधकाम साहित्याचे दर स्थानिक संस्था कर भरा नगररचना जाहीर नोटीस,पिंपरी चिंचवड महानगरपालिका | कटिबद्ध जनहिताय उद्देशाने प्रेरित महानगरपालिका मुख्य पृष्ठ विभागवार प्रसिद्ध झालेल्या निविदा मुख्य पृष्ठ / ई - पी.सी.एम. सी / विभागवार प्रसिद्ध झालेल्या निविदा माध्यमिक शिक्षण Sr. No. Work Order Details Year Tender Number Order Agreement No record found 'सारथी' माहिती पुस्तिका Read More घडामोडी सार्वजनिक प्रकटीकरण प्रशासन परिपत्रक इतर माहिती निविदा भरणे कार्यपत्रिका व सभावृत्तांत बांधकाम साहित्याचे दर स्थानिक संस्था कर भरा नगररचना जाहीर नोटीस,Unknown,Unknown,MEDIUM,hi,0.0,pcmc_pune
64,पिंपरी चिंचवड महानगरपालिका | कटिबद्ध जनहिताय उद्देशाने प्रेरित महानगरपालिका मुख्य पृष्ठ विभागवार प्रसिद्ध झालेल्या निविदा मुख्य पृष्ठ / ई - पी.सी.एम. सी / विभागवार प्रसिद्ध झालेल्या निविदा सुरक्षा Sr. No. Work Order Details Year Tender Number Order Agreement 1 नि.नो.क्र.१/२०२४-२५ अन्वये मनपाचे हद्दीतील विविध (सिग्नल असलेले व सिग्नल नसलेले) व जास्त वर्दळीचे चौक येथील वाहतूक व्यवस्थेकामी ठेकेदारी पद्धतीने ट्रॅफिक पोलिसांचे मदतीकरीता २१५ “ट्रॅफिक वार्डन” नियुक्त बाबत. 2025-2026 - View order - महानगरपालिकेच्या फेसबुक पेज चे अनावरण Read More घडामोडी सार्वजनिक प्रकटीकरण प्रशासन परिपत्रक इतर माहिती निविदा भरणे कार्यपत्रिका व सभावृत्तांत बांधकाम साहित्याचे दर स्थानिक संस्था कर भरा नगररचना जाहीर नोटीस,पिंपरी चिंचवड महानगरपालिका | कटिबद्ध जनहिताय उद्देशाने प्रेरित महानगरपालिका मुख्य पृष्ठ विभागवार प्रसिद्ध झालेल्या निविदा मुख्य पृष्ठ / ई - पी.सी.एम. सी / विभागवार प्रसिद्ध झालेल्या निविदा सुरक्षा Sr. No. Work Order Details Year Tender Number Order Agreement 1 नि.नो.क्र.१/२०२४-२५ अन्वये मनपाचे हद्दीतील विविध (सिग्नल असलेले व सिग्नल नसलेले) व जास्त वर्दळीचे चौक येथील वाहतूक व्यवस्थेकामी ठेकेदारी पद्धतीने ट्रॅफिक पोलिसांचे मदतीकरीता २१५ “ट्रॅफिक वार्डन” नियुक्त बाबत. 2025-2026 - View order - महानगरपालिकेच्या फेसबुक पेज चे अनावरण Read More घडामोडी सार्वजनिक प्रकटीकरण प्रशासन परिपत्रक इतर माहिती निविदा भरणे कार्यपत्रिका व सभावृत्तांत बांधकाम साहित्याचे दर स्थानिक संस्था कर भरा नगररचना जाहीर नोटीस,Unknown,Unknown,MEDIUM,hi,0.0,pcmc_pune
65,पिंपरी चिंचवड महानगरपालिका | कटिबद्ध जनहिताय उद्देशाने प्रेरित महानगरपालिका मुख्य पृष्ठ विभागवार प्रसिद्ध झालेल्या निविदा मुख्य पृष्ठ / ई - पी.सी.एम. सी / विभागवार प्रसिद्ध झालेल्या निविदा झोपडपट्टी निर्मुलन व पुनर्वसन Sr. No. Work Order Details Year Tender Number Order Agreement No record found 'सारथी' माहिती पुस्तिका Read More घडामोडी सार्वजनिक प्रकटीकरण प्रशासन परिपत्रक इतर माहिती निविदा भरणे कार्यपत्रिका व सभावृत्तांत बांधकाम साहित्याचे दर स्थानिक संस्था कर भरा नगररचना जाहीर नोटीस,पिंपरी चिंचवड महानगरपालिका | कटिबद्ध जनहिताय उद्देशाने प्रेरित महानगरपालिका मुख्य पृष्ठ विभागवार प्रसिद्ध झालेल्या निविदा मुख्य पृष्ठ / ई - पी.सी.एम. सी / विभागवार प्रसिद्ध झालेल्या निविदा झोपडपट्टी निर्मुलन व पुनर्वसन Sr. No. Work Order Details Year Tender Number Order Agreement No record found 'सारथी' माहिती पुस्तिका Read More घडामोडी सार्वजनिक प्रकटीकरण प्रशासन परिपत्रक इतर माहिती निविदा भरणे कार्यपत्रिका व सभावृत्तांत बांधकाम साहित्याचे दर स्थानिक संस्था कर भरा नगररचना जाहीर नोटीस,Unknown,Unknown,MEDIUM,hi,0.0,pcmc_pune
66,पिंपरी चिंचवड महानगरपालिका | कटिबद्ध जनहिताय उद्देशाने प्रेरित महानगरपालिका मुख्य पृष्ठ विभागवार प्रसिद्ध झालेल्या निविदा मुख्य पृष्ठ / ई - पी.सी.एम. सी / विभागवार प्रसिद्ध झालेल्या निविदा क्रीडा Sr. No. Work Order Details Year Tender Number Order Agreement No record found 'सारथी' माहिती पुस्तिका Read More घडामोडी सार्वजनिक प्रकटीकरण प्रशासन परिपत्रक इतर माहिती निविदा भरणे कार्यपत्रिका व सभावृत्तांत बांधकाम साहित्याचे दर स्थानिक संस्था कर भरा नगररचना जाहीर नोटीस,पिंपरी चिंचवड महानगरपालिका | कटिबद्ध जनहिताय उद्देशाने प्रेरित महानगरपालिका मुख्य पृष्ठ विभागवार प्रसिद्ध झालेल्या निविदा मुख्य पृष्ठ / ई - पी.सी.एम. सी / विभागवार प्रसिद्ध झालेल्या निविदा क्रीडा Sr. No. Work Order Details Year Tender Number Order Agreement No record found 'सारथी' माहिती पुस्तिका Read More घडामोडी सार्वजनिक प्रकटीकरण प्रशासन परिपत्रक इतर माहिती निविदा भरणे कार्यपत्रिका व सभावृत्तांत बांधकाम साहित्याचे दर स्थानिक संस्था कर भरा नगररचना जाहीर नोटीस,Unknown,Unknown,MEDIUM,hi,0.0,pcmc_pune
67,"पिंपरी चिंचवड महानगरपालिका | कटिबद्ध जनहिताय उद्देशाने प्रेरित महानगरपालिका मुख्य पृष्ठ विभागवार प्रसिद्ध झालेल्या निविदा मुख्य पृष्ठ / ई - पी.सी.एम. सी / विभागवार प्रसिद्ध झालेल्या निविदा पशुवैद्यकीय Sr. No. Work Order Details Year Tender Number Order Agreement 1 महापालिकेच्या परिसरातील भटके / मोकाट, आजारी तसेच उपद्रव कारक मोठी जनावरे पकडणेकामी ५ टन क्षमतेची ५ वाहने पुरविनेबाबत 2025-2026 01/2024-2025 View order View Agreement 2 पशुवैद्यकीय विभागामार्फत महापालिका हद्दीतील भटके श्वानांचे निर्विजीकरण व लसीकरण करण्यात येते त्या अनुषंगाने विभागामार्फत WVS HOPE MISSION REBIES या संस्थेची नेमणूक 2025-2026 0 View order View Agreement विज्ञान विश्वाची सफर घडविणार 'सायन्स पार्क' Read More घडामोडी सार्वजनिक प्रकटीकरण प्रशासन परिपत्रक इतर माहिती निविदा भरणे कार्यपत्रिका व सभावृत्तांत बांधकाम साहित्याचे दर स्थानिक संस्था कर भरा नगररचना जाहीर नोटीस","पिंपरी चिंचवड महानगरपालिका | कटिबद्ध जनहिताय उद्देशाने प्रेरित महानगरपालिका मुख्य पृष्ठ विभागवार प्रसिद्ध झालेल्या निविदा मुख्य पृष्ठ / ई - पी.सी.एम. सी / विभागवार प्रसिद्ध झालेल्या निविदा पशुवैद्यकीय Sr. No. Work Order Details Year Tender Number Order Agreement 1 महापालिकेच्या परिसरातील भटके / मोकाट, आजारी तसेच उपद्रव कारक मोठी जनावरे पकडणेकामी ५ टन क्षमतेची ५ वाहने पुरविनेबाबत 2025-2026 01/2024-2025 View order View Agreement 2 पशुवैद्यकीय विभागामार्फत महापालिका हद्दीतील भटके श्वानांचे निर्विजीकरण व लसीकरण करण्यात येते त्या अनुषंगाने विभागामार्फत WVS HOPE MISSION REBIES या संस्थेची नेमणूक 2025-2026 0 View order View Agreement विज्ञान विश्वाची सफर घडविणार 'सायन्स पार्क' Read More घडामोडी सार्वजनिक प्रकटीकरण प्रशासन परिपत्रक इतर माहिती निविदा भरणे कार्यपत्रिका व सभावृत्तांत बांधकाम साहित्याचे दर स्थानिक संस्था कर भरा नगररचना जाहीर नोटीस",Unknown,Unknown,MEDIUM,hi,0.0,pcmc_pune
68,पिंपरी चिंचवड महानगरपालिका | कटिबद्ध जनहिताय उद्देशाने प्रेरित महानगरपालिका मुख्य पृष्ठ विभागवार प्रसिद्ध झालेल्या निविदा मुख्य पृष्ठ / ई - पी.सी.एम. सी / विभागवार प्रसिद्ध झालेल्या निविदा कार्यशाळा Sr. No. Work Order Details Year Tender Number Order Agreement No record found 'सारथी' माहिती पुस्तिका Read More घडामोडी सार्वजनिक प्रकटीकरण प्रशासन परिपत्रक इतर माहिती निविदा भरणे कार्यपत्रिका व सभावृत्तांत बांधकाम साहित्याचे दर स्थानिक संस्था कर भरा नगररचना जाहीर नोटीस,पिंपरी चिंचवड महानगरपालिका | कटिबद्ध जनहिताय उद्देशाने प्रेरित महानगरपालिका मुख्य पृष्ठ विभागवार प्रसिद्ध झालेल्या निविदा मुख्य पृष्ठ / ई - पी.सी.एम. सी / विभागवार प्रसिद्ध झालेल्या निविदा कार्यशाळा Sr. No. Work Order Details Year Tender Number Order Agreement No record found 'सारथी' माहिती पुस्तिका Read More घडामोडी सार्वजनिक प्रकटीकरण प्रशासन परिपत्रक इतर माहिती निविदा भरणे कार्यपत्रिका व सभावृत्तांत बांधकाम साहित्याचे दर स्थानिक संस्था कर भरा नगररचना जाहीर नोटीस,Unknown,Unknown,MEDIUM,hi,0.0,pcmc_pune
69,पिंपरी चिंचवड महानगरपालिका | कटिबद्ध जनहिताय उद्देशाने प्रेरित महानगरपालिका मुख्य पृष्ठ विभागवार प्रसिद्ध झालेल्या निविदा मुख्य पृष्ठ / ई - पी.सी.एम. सी / विभागवार प्रसिद्ध झालेल्या निविदा वाय.सी.एम. हॉस्पिटल Sr. No. Work Order Details Year Tender Number Order Agreement 1 Notice No. 03/2025-26 2025-2026 Notice No. 03/2025-26 View order - 2 पपरी चचवड महानगरपा लके च्या यशवंतराव चव्हाण स्मृती रुग्णालयाच्या प रचया िव ान संस्थेकरीता आवश्यक पुस्तकांचा पुरवठा करणेबाबत 2025-2026 02/2025-26 View order - महानगरपालिकेच्या फेसबुक पेज चे अनावरण Read More घडामोडी सार्वजनिक प्रकटीकरण प्रशासन परिपत्रक इतर माहिती निविदा भरणे कार्यपत्रिका व सभावृत्तांत बांधकाम साहित्याचे दर स्थानिक संस्था कर भरा नगररचना जाहीर नोटीस,पिंपरी चिंचवड महानगरपालिका | कटिबद्ध जनहिताय उद्देशाने प्रेरित महानगरपालिका मुख्य पृष्ठ विभागवार प्रसिद्ध झालेल्या निविदा मुख्य पृष्ठ / ई - पी.सी.एम. सी / विभागवार प्रसिद्ध झालेल्या निविदा वाय.सी.एम. हॉस्पिटल Sr. No. Work Order Details Year Tender Number Order Agreement 1 Notice No. 03/2025-26 2025-2026 Notice No. 03/2025-26 View order - 2 पपरी चचवड महानगरपा लके च्या यशवंतराव चव्हाण स्मृती रुग्णालयाच्या प रचया िव ान संस्थेकरीता आवश्यक पुस्तकांचा पुरवठा करणेबाबत 2025-2026 02/2025-26 View order - महानगरपालिकेच्या फेसबुक पेज चे अनावरण Read More घडामोडी सार्वजनिक प्रकटीकरण प्रशासन परिपत्रक इतर माहिती निविदा भरणे कार्यपत्रिका व सभावृत्तांत बांधकाम साहित्याचे दर स्थानिक संस्था कर भरा नगररचना जाहीर नोटीस,Unknown,Unknown,MEDIUM,hi,0.0,pcmc_pune
70,पिंपरी चिंचवड महानगरपालिका | कटिबद्ध जनहिताय उद्देशाने प्रेरित महानगरपालिका मुख्य पृष्ठ विभागवार प्रसिद्ध झालेल्या निविदा मुख्य पृष्ठ / ई - पी.सी.एम. सी / विभागवार प्रसिद्ध झालेल्या निविदा फ क्षेत्रीय कार्यालय स्थापत्य Sr. No. Work Order Details Year Tender Number Order Agreement No record found 'सारथी' माहिती पुस्तिका Read More घडामोडी सार्वजनिक प्रकटीकरण प्रशासन परिपत्रक इतर माहिती निविदा भरणे कार्यपत्रिका व सभावृत्तांत बांधकाम साहित्याचे दर स्थानिक संस्था कर भरा नगररचना जाहीर नोटीस,पिंपरी चिंचवड महानगरपालिका | कटिबद्ध जनहिताय उद्देशाने प्रेरित महानगरपालिका मुख्य पृष्ठ विभागवार प्रसिद्ध झालेल्या निविदा मुख्य पृष्ठ / ई - पी.सी.एम. सी / विभागवार प्रसिद्ध झालेल्या निविदा फ क्षेत्रीय कार्यालय स्थापत्य Sr. No. Work Order Details Year Tender Number Order Agreement No record found 'सारथी' माहिती पुस्तिका Read More घडामोडी सार्वजनिक प्रकटीकरण प्रशासन परिपत्रक इतर माहिती निविदा भरणे कार्यपत्रिका व सभावृत्तांत बांधकाम साहित्याचे दर स्थानिक संस्था कर भरा नगररचना जाहीर नोटीस,Unknown,Unknown,MEDIUM,hi,0.0,pcmc_pune
71,पिंपरी चिंचवड महानगरपालिका | कटिबद्ध जनहिताय उद्देशाने प्रेरित महानगरपालिका मुख्य पृष्ठ विभागवार प्रसिद्ध झालेल्या निविदा मुख्य पृष्ठ / ई - पी.सी.एम. सी / विभागवार प्रसिद्ध झालेल्या निविदा फ क्षेत्रीय कार्यालय आरोग्य Sr. No. Work Order Details Year Tender Number Order Agreement No record found 'सारथी' माहिती पुस्तिका Read More घडामोडी सार्वजनिक प्रकटीकरण प्रशासन परिपत्रक इतर माहिती निविदा भरणे कार्यपत्रिका व सभावृत्तांत बांधकाम साहित्याचे दर स्थानिक संस्था कर भरा नगररचना जाहीर नोटीस,पिंपरी चिंचवड महानगरपालिका | कटिबद्ध जनहिताय उद्देशाने प्रेरित महानगरपालिका मुख्य पृष्ठ विभागवार प्रसिद्ध झालेल्या निविदा मुख्य पृष्ठ / ई - पी.सी.एम. सी / विभागवार प्रसिद्ध झालेल्या निविदा फ क्षेत्रीय कार्यालय आरोग्य Sr. No. Work Order Details Year Tender Number Order Agreement No record found 'सारथी' माहिती पुस्तिका Read More घडामोडी सार्वजनिक प्रकटीकरण प्रशासन परिपत्रक इतर माहिती निविदा भरणे कार्यपत्रिका व सभावृत्तांत बांधकाम साहित्याचे दर स्थानिक संस्था कर भरा नगररचना जाहीर नोटीस,Unknown,Unknown,MEDIUM,hi,0.0,pcmc_pune
72,पिंपरी चिंचवड महानगरपालिका | कटिबद्ध जनहिताय उद्देशाने प्रेरित महानगरपालिका मुख्य पृष्ठ विभागवार प्रसिद्ध झालेल्या निविदा मुख्य पृष्ठ / ई - पी.सी.एम. सी / विभागवार प्रसिद्ध झालेल्या निविदा फ क्षेत्रीय कार्यालय पाणीपुरवठा Sr. No. Work Order Details Year Tender Number Order Agreement No record found महानगरपालिकेच्या फेसबुक पेज चे अनावरण Read More घडामोडी सार्वजनिक प्रकटीकरण प्रशासन परिपत्रक इतर माहिती निविदा भरणे कार्यपत्रिका व सभावृत्तांत बांधकाम साहित्याचे दर स्थानिक संस्था कर भरा नगररचना जाहीर नोटीस,पिंपरी चिंचवड महानगरपालिका | कटिबद्ध जनहिताय उद्देशाने प्रेरित महानगरपालिका मुख्य पृष्ठ विभागवार प्रसिद्ध झालेल्या निविदा मुख्य पृष्ठ / ई - पी.सी.एम. सी / विभागवार प्रसिद्ध झालेल्या निविदा फ क्षेत्रीय कार्यालय पाणीपुरवठा Sr. No. Work Order Details Year Tender Number Order Agreement No record found महानगरपालिकेच्या फेसबुक पेज चे अनावरण Read More घडामोडी सार्वजनिक प्रकटीकरण प्रशासन परिपत्रक इतर माहिती निविदा भरणे कार्यपत्रिका व सभावृत्तांत बांधकाम साहित्याचे दर स्थानिक संस्था कर भरा नगररचना जाहीर नोटीस,Unknown,Unknown,MEDIUM,hi,0.0,pcmc_pune
73,पिंपरी चिंचवड महानगरपालिका | कटिबद्ध जनहिताय उद्देशाने प्रेरित महानगरपालिका मुख्य पृष्ठ विभागवार प्रसिद्ध झालेल्या निविदा मुख्य पृष्ठ / ई - पी.सी.एम. सी / विभागवार प्रसिद्ध झालेल्या निविदा ग क्षेत्रीय कार्यालय स्थापत्य Sr. No. Work Order Details Year Tender Number Order Agreement No record found विज्ञान विश्वाची सफर घडविणार 'सायन्स पार्क' Read More घडामोडी सार्वजनिक प्रकटीकरण प्रशासन परिपत्रक इतर माहिती निविदा भरणे कार्यपत्रिका व सभावृत्तांत बांधकाम साहित्याचे दर स्थानिक संस्था कर भरा नगररचना जाहीर नोटीस,पिंपरी चिंचवड महानगरपालिका | कटिबद्ध जनहिताय उद्देशाने प्रेरित महानगरपालिका मुख्य पृष्ठ विभागवार प्रसिद्ध झालेल्या निविदा मुख्य पृष्ठ / ई - पी.सी.एम. सी / विभागवार प्रसिद्ध झालेल्या निविदा ग क्षेत्रीय कार्यालय स्थापत्य Sr. No. Work Order Details Year Tender Number Order Agreement No record found विज्ञान विश्वाची सफर घडविणार 'सायन्स पार्क' Read More घडामोडी सार्वजनिक प्रकटीकरण प्रशासन परिपत्रक इतर माहिती निविदा भरणे कार्यपत्रिका व सभावृत्तांत बांधकाम साहित्याचे दर स्थानिक संस्था कर भरा नगररचना जाहीर नोटीस,Unknown,Unknown,MEDIUM,hi,0.0,pcmc_pune
74,पिंपरी चिंचवड महानगरपालिका | कटिबद्ध जनहिताय उद्देशाने प्रेरित महानगरपालिका मुख्य पृष्ठ विभागवार प्रसिद्ध झालेल्या निविदा मुख्य पृष्ठ / ई - पी.सी.एम. सी / विभागवार प्रसिद्ध झालेल्या निविदा ग क्षेत्रीय कार्यालय विदयुत Sr. No. Work Order Details Year Tender Number Order Agreement No record found 'सारथी' माहिती पुस्तिका Read More घडामोडी सार्वजनिक प्रकटीकरण प्रशासन परिपत्रक इतर माहिती निविदा भरणे कार्यपत्रिका व सभावृत्तांत बांधकाम साहित्याचे दर स्थानिक संस्था कर भरा नगररचना जाहीर नोटीस,पिंपरी चिंचवड महानगरपालिका | कटिबद्ध जनहिताय उद्देशाने प्रेरित महानगरपालिका मुख्य पृष्ठ विभागवार प्रसिद्ध झालेल्या निविदा मुख्य पृष्ठ / ई - पी.सी.एम. सी / विभागवार प्रसिद्ध झालेल्या निविदा ग क्षेत्रीय कार्यालय विदयुत Sr. No. Work Order Details Year Tender Number Order Agreement No record found 'सारथी' माहिती पुस्तिका Read More घडामोडी सार्वजनिक प्रकटीकरण प्रशासन परिपत्रक इतर माहिती निविदा भरणे कार्यपत्रिका व सभावृत्तांत बांधकाम साहित्याचे दर स्थानिक संस्था कर भरा नगररचना जाहीर नोटीस,Unknown,Unknown,MEDIUM,hi,0.0,pcmc_pune
75,पिंपरी चिंचवड महानगरपालिका | कटिबद्ध जनहिताय उद्देशाने प्रेरित महानगरपालिका मुख्य पृष्ठ लोकसेवा हक्क अधिनियम मुख्य पृष्ठ / लोकसेवा हक्क अधिनियम लोकसेवा हक्क अधिनियम लोकसेवा हक्क कायद्यांतर्गत अधिसूचित सेवांची यादी सेवा हमी कायदा अधिसूचना १ सेवा हमी कायदा अधिसूचना २ सेवा हमी कायदा अधिसूचना ३ महानगरपालिकेच्या फेसबुक पेज चे अनावरण Read More घडामोडी सार्वजनिक प्रकटीकरण प्रशासन परिपत्रक इतर माहिती निविदा भरणे कार्यपत्रिका व सभावृत्तांत बांधकाम साहित्याचे दर स्थानिक संस्था कर भरा नगररचना जाहीर नोटीस,पिंपरी चिंचवड महानगरपालिका | कटिबद्ध जनहिताय उद्देशाने प्रेरित महानगरपालिका मुख्य पृष्ठ लोकसेवा हक्क अधिनियम मुख्य पृष्ठ / लोकसेवा हक्क अधिनियम लोकसेवा हक्क अधिनियम लोकसेवा हक्क कायद्यांतर्गत अधिसूचित सेवांची यादी सेवा हमी कायदा अधिसूचना १ सेवा हमी कायदा अधिसूचना २ सेवा हमी कायदा अधिसूचना ३ महानगरपालिकेच्या फेसबुक पेज चे अनावरण Read More घडामोडी सार्वजनिक प्रकटीकरण प्रशासन परिपत्रक इतर माहिती निविदा भरणे कार्यपत्रिका व सभावृत्तांत बांधकाम साहित्याचे दर स्थानिक संस्था कर भरा नगररचना जाहीर नोटीस,Unknown,Unknown,MEDIUM,hi,0.0,pcmc_pune
76,पिंपरी चिंचवड महानगरपालिका | कटिबद्ध जनहिताय उद्देशाने प्रेरित महानगरपालिका मुख्य पृष्ठ महापालिका सभा मुख्य पृष्ठ / महापालिका सभा महापालिका सभा महापालिका सभा माहिती सभेची माहिती कार्यपत्रिका क्रमांक व दिनांक सभेचा नियोजित दिनांक तहकुबी सूचना (असल्यास) ठराव क्रमांक व दिनांक 3 / 16-03-2026 24-03-2026 2 / 05-03-2026 13-03-2026 1 / 24-01-2026 06-02-2026 Read Notice 20-02-2026 Back 'सारथी' माहिती पुस्तिका Read More घडामोडी सार्वजनिक प्रकटीकरण प्रशासन परिपत्रक इतर माहिती निविदा भरणे कार्यपत्रिका व सभावृत्तांत बांधकाम साहित्याचे दर स्थानिक संस्था कर भरा नगररचना जाहीर नोटीस,पिंपरी चिंचवड महानगरपालिका | कटिबद्ध जनहिताय उद्देशाने प्रेरित महानगरपालिका मुख्य पृष्ठ महापालिका सभा मुख्य पृष्ठ / महापालिका सभा महापालिका सभा महापालिका सभा माहिती सभेची माहिती कार्यपत्रिका क्रमांक व दिनांक सभेचा नियोजित दिनांक तहकुबी सूचना (असल्यास) ठराव क्रमांक व दिनांक 3 / 16-03-2026 24-03-2026 2 / 05-03-2026 13-03-2026 1 / 24-01-2026 06-02-2026 Read Notice 20-02-2026 Back 'सारथी' माहिती पुस्तिका Read More घडामोडी सार्वजनिक प्रकटीकरण प्रशासन परिपत्रक इतर माहिती निविदा भरणे कार्यपत्रिका व सभावृत्तांत बांधकाम साहित्याचे दर स्थानिक संस्था कर भरा नगररचना जाहीर नोटीस,Unknown,Unknown,MEDIUM,hi,0.0,pcmc_pune
77,पिंपरी चिंचवड महानगरपालिका | कटिबद्ध जनहिताय उद्देशाने प्रेरित महानगरपालिका मुख्य पृष्ठ महिला व बाल कल्याण समिति मुख्य पृष्ठ / महिला व बाल कल्याण समिति महिला व बाल कल्याण समिति महिला व बाल कल्याण समिति माहिती सभेची माहिती कार्यपत्रिका क्रमांक व दिनांक सभेचा नियोजित दिनांक तहकुबी सूचना (असल्यास) ठराव क्रमांक व दिनांक 3 / 20-03-2026 27-03-2026 2 / 06-03-2026 12-03-2026 1 / 23-02-2026 02-03-2026 Back 'सारथी' माहिती पुस्तिका Read More घडामोडी सार्वजनिक प्रकटीकरण प्रशासन परिपत्रक इतर माहिती निविदा भरणे कार्यपत्रिका व सभावृत्तांत बांधकाम साहित्याचे दर स्थानिक संस्था कर भरा नगररचना जाहीर नोटीस,पिंपरी चिंचवड महानगरपालिका | कटिबद्ध जनहिताय उद्देशाने प्रेरित महानगरपालिका मुख्य पृष्ठ महिला व बाल कल्याण समिति मुख्य पृष्ठ / महिला व बाल कल्याण समिति महिला व बाल कल्याण समिति महिला व बाल कल्याण समिति माहिती सभेची माहिती कार्यपत्रिका क्रमांक व दिनांक सभेचा नियोजित दिनांक तहकुबी सूचना (असल्यास) ठराव क्रमांक व दिनांक 3 / 20-03-2026 27-03-2026 2 / 06-03-2026 12-03-2026 1 / 23-02-2026 02-03-2026 Back 'सारथी' माहिती पुस्तिका Read More घडामोडी सार्वजनिक प्रकटीकरण प्रशासन परिपत्रक इतर माहिती निविदा भरणे कार्यपत्रिका व सभावृत्तांत बांधकाम साहित्याचे दर स्थानिक संस्था कर भरा नगररचना जाहीर नोटीस,Unknown,Unknown,MEDIUM,hi,0.0,pcmc_pune
78,पिंपरी चिंचवड महानगरपालिका | कटिबद्ध जनहिताय उद्देशाने प्रेरित महानगरपालिका मुख्य पृष्ठ विधी समिति मुख्य पृष्ठ / विधी समिति विधी समिति विधी समिति माहिती सभेची माहिती कार्यपत्रिका क्रमांक व दिनांक सभेचा नियोजित दिनांक तहकुबी सूचना (असल्यास) ठराव क्रमांक व दिनांक 2 / 16-03-2026 20-03-2026 1 / 23-02-2026 02-03-2026 Back विज्ञान विश्वाची सफर घडविणार 'सायन्स पार्क' Read More घडामोडी सार्वजनिक प्रकटीकरण प्रशासन परिपत्रक इतर माहिती निविदा भरणे कार्यपत्रिका व सभावृत्तांत बांधकाम साहित्याचे दर स्थानिक संस्था कर भरा नगररचना जाहीर नोटीस,पिंपरी चिंचवड महानगरपालिका | कटिबद्ध जनहिताय उद्देशाने प्रेरित महानगरपालिका मुख्य पृष्ठ विधी समिति मुख्य पृष्ठ / विधी समिति विधी समिति विधी समिति माहिती सभेची माहिती कार्यपत्रिका क्रमांक व दिनांक सभेचा नियोजित दिनांक तहकुबी सूचना (असल्यास) ठराव क्रमांक व दिनांक 2 / 16-03-2026 20-03-2026 1 / 23-02-2026 02-03-2026 Back विज्ञान विश्वाची सफर घडविणार 'सायन्स पार्क' Read More घडामोडी सार्वजनिक प्रकटीकरण प्रशासन परिपत्रक इतर माहिती निविदा भरणे कार्यपत्रिका व सभावृत्तांत बांधकाम साहित्याचे दर स्थानिक संस्था कर भरा नगररचना जाहीर नोटीस,Unknown,Unknown,MEDIUM,hi,0.0,pcmc_pune
79,पिंपरी चिंचवड महानगरपालिका | कटिबद्ध जनहिताय उद्देशाने प्रेरित महानगरपालिका मुख्य पृष्ठ शहर सुधारणा समिती मुख्य पृष्ठ / शहर सुधारणा समिती शहर सुधारणा समिती शहर सुधारणा समिती माहिती सभेची माहिती कार्यपत्रिका क्रमांक व दिनांक सभेचा नियोजित दिनांक तहकुबी सूचना (असल्यास) ठराव क्रमांक व दिनांक 3 / 18-03-2026 25-03-2026 3 / 18-03-2026 25-03-2026 2 / 06-03-2026 10-03-2026 1 / 23-02-2026 02-03-2026 Back 'सारथी' माहिती पुस्तिका Read More घडामोडी सार्वजनिक प्रकटीकरण प्रशासन परिपत्रक इतर माहिती निविदा भरणे कार्यपत्रिका व सभावृत्तांत बांधकाम साहित्याचे दर स्थानिक संस्था कर भरा नगररचना जाहीर नोटीस,पिंपरी चिंचवड महानगरपालिका | कटिबद्ध जनहिताय उद्देशाने प्रेरित महानगरपालिका मुख्य पृष्ठ शहर सुधारणा समिती मुख्य पृष्ठ / शहर सुधारणा समिती शहर सुधारणा समिती शहर सुधारणा समिती माहिती सभेची माहिती कार्यपत्रिका क्रमांक व दिनांक सभेचा नियोजित दिनांक तहकुबी सूचना (असल्यास) ठराव क्रमांक व दिनांक 3 / 18-03-2026 25-03-2026 3 / 18-03-2026 25-03-2026 2 / 06-03-2026 10-03-2026 1 / 23-02-2026 02-03-2026 Back 'सारथी' माहिती पुस्तिका Read More घडामोडी सार्वजनिक प्रकटीकरण प्रशासन परिपत्रक इतर माहिती निविदा भरणे कार्यपत्रिका व सभावृत्तांत बांधकाम साहित्याचे दर स्थानिक संस्था कर भरा नगररचना जाहीर नोटीस,Unknown,Unknown,MEDIUM,hi,0.0,pcmc_pune
80,"पिंपरी चिंचवड महानगरपालिका | कटिबद्ध जनहिताय उद्देशाने प्रेरित महानगरपालिका मुख्य पृष्ठ क्रीड़ा,कला,साहित्य व सांस्कृतिक समिती मुख्य पृष्ठ / क्रीड़ा,कला,साहित्य व सांस्कृतिक समिती क्रीड़ा,कला,साहित्य व सांस्कृतिक समिती क्रीड़ा,कला,साहित्य व सांस्कृतिक समिती माहिती सभेची माहिती कार्यपत्रिका क्रमांक व दिनांक सभेचा नियोजित दिनांक तहकुबी सूचना (असल्यास) ठराव क्रमांक व दिनांक 3 / 23-03-2026 27-03-2026 2 / 09-03-2026 13-03-2026 1 / 23-02-2026 02-03-2026 Back महानगरपालिकेच्या फेसबुक पेज चे अनावरण Read More घडामोडी सार्वजनिक प्रकटीकरण प्रशासन परिपत्रक इतर माहिती निविदा भरणे कार्यपत्रिका व सभावृत्तांत बांधकाम साहित्याचे दर स्थानिक संस्था कर भरा नगररचना जाहीर नोटीस","पिंपरी चिंचवड महानगरपालिका | कटिबद्ध जनहिताय उद्देशाने प्रेरित महानगरपालिका मुख्य पृष्ठ क्रीड़ा,कला,साहित्य व सांस्कृतिक समिती मुख्य पृष्ठ / क्रीड़ा,कला,साहित्य व सांस्कृतिक समिती क्रीड़ा,कला,साहित्य व सांस्कृतिक समिती क्रीड़ा,कला,साहित्य व सांस्कृतिक समिती माहिती सभेची माहिती कार्यपत्रिका क्रमांक व दिनांक सभेचा नियोजित दिनांक तहकुबी सूचना (असल्यास) ठराव क्रमांक व दिनांक 3 / 23-03-2026 27-03-2026 2 / 09-03-2026 13-03-2026 1 / 23-02-2026 02-03-2026 Back महानगरपालिकेच्या फेसबुक पेज चे अनावरण Read More घडामोडी सार्वजनिक प्रकटीकरण प्रशासन परिपत्रक इतर माहिती निविदा भरणे कार्यपत्रिका व सभावृत्तांत बांधकाम साहित्याचे दर स्थानिक संस्था कर भरा नगररचना जाहीर नोटीस",Unknown,Unknown,MEDIUM,hi,0.0,pcmc_pune
81,पिंपरी चिंचवड महानगरपालिका | कटिबद्ध जनहिताय उद्देशाने प्रेरित महानगरपालिका मुख्य पृष्ठ शिक्षण समिती मुख्य पृष्ठ / शिक्षण समिती शिक्षण समिती शिक्षण समिती माहिती सभेची माहिती कार्यपत्रिका क्रमांक व दिनांक सभेचा नियोजित दिनांक तहकुबी सूचना (असल्यास) ठराव क्रमांक व दिनांक 2 / 16-03-2026 20-03-2026 1 / 23-02-2026 02-03-2026 Back विज्ञान विश्वाची सफर घडविणार 'सायन्स पार्क' Read More घडामोडी सार्वजनिक प्रकटीकरण प्रशासन परिपत्रक इतर माहिती निविदा भरणे कार्यपत्रिका व सभावृत्तांत बांधकाम साहित्याचे दर स्थानिक संस्था कर भरा नगररचना जाहीर नोटीस,पिंपरी चिंचवड महानगरपालिका | कटिबद्ध जनहिताय उद्देशाने प्रेरित महानगरपालिका मुख्य पृष्ठ शिक्षण समिती मुख्य पृष्ठ / शिक्षण समिती शिक्षण समिती शिक्षण समिती माहिती सभेची माहिती कार्यपत्रिका क्रमांक व दिनांक सभेचा नियोजित दिनांक तहकुबी सूचना (असल्यास) ठराव क्रमांक व दिनांक 2 / 16-03-2026 20-03-2026 1 / 23-02-2026 02-03-2026 Back विज्ञान विश्वाची सफर घडविणार 'सायन्स पार्क' Read More घडामोडी सार्वजनिक प्रकटीकरण प्रशासन परिपत्रक इतर माहिती निविदा भरणे कार्यपत्रिका व सभावृत्तांत बांधकाम साहित्याचे दर स्थानिक संस्था कर भरा नगररचना जाहीर नोटीस,Unknown,Unknown,MEDIUM,hi,0.0,pcmc_pune
82,पिंपरी चिंचवड महानगरपालिका | कटिबद्ध जनहिताय उद्देशाने प्रेरित महानगरपालिका मुख्य पृष्ठ अ क्षेत्रीय कार्यालय समिती मुख्य पृष्ठ / अ क्षेत्रीय कार्यालय समिती अ क्षेत्रीय कार्यालय समिती अ क्षेत्रीय कार्यालय समिती माहिती सभेची माहिती कार्यपत्रिका क्रमांक व दिनांक सभेचा नियोजित दिनांक तहकुबी सूचना (असल्यास) ठराव क्रमांक व दिनांक माहिती उपलब्ध नाही Back 'सारथी' माहिती पुस्तिका Read More घडामोडी सार्वजनिक प्रकटीकरण प्रशासन परिपत्रक इतर माहिती निविदा भरणे कार्यपत्रिका व सभावृत्तांत बांधकाम साहित्याचे दर स्थानिक संस्था कर भरा नगररचना जाहीर नोटीस,पिंपरी चिंचवड महानगरपालिका | कटिबद्ध जनहिताय उद्देशाने प्रेरित महानगरपालिका मुख्य पृष्ठ अ क्षेत्रीय कार्यालय समिती मुख्य पृष्ठ / अ क्षेत्रीय कार्यालय समिती अ क्षेत्रीय कार्यालय समिती अ क्षेत्रीय कार्यालय समिती माहिती सभेची माहिती कार्यपत्रिका क्रमांक व दिनांक सभेचा नियोजित दिनांक तहकुबी सूचना (असल्यास) ठराव क्रमांक व दिनांक माहिती उपलब्ध नाही Back 'सारथी' माहिती पुस्तिका Read More घडामोडी सार्वजनिक प्रकटीकरण प्रशासन परिपत्रक इतर माहिती निविदा भरणे कार्यपत्रिका व सभावृत्तांत बांधकाम साहित्याचे दर स्थानिक संस्था कर भरा नगररचना जाहीर नोटीस,Unknown,Unknown,MEDIUM,hi,0.0,pcmc_pune
83,पिंपरी चिंचवड महानगरपालिका | कटिबद्ध जनहिताय उद्देशाने प्रेरित महानगरपालिका मुख्य पृष्ठ ब क्षेत्रीय कार्यालय समिती मुख्य पृष्ठ / ब क्षेत्रीय कार्यालय समिती ब क्षेत्रीय कार्यालय समिती ब क्षेत्रीय कार्यालय समिती माहिती सभेची माहिती कार्यपत्रिका क्रमांक व दिनांक सभेचा नियोजित दिनांक तहकुबी सूचना (असल्यास) ठराव क्रमांक व दिनांक माहिती उपलब्ध नाही Back विज्ञान विश्वाची सफर घडविणार 'सायन्स पार्क' Read More घडामोडी सार्वजनिक प्रकटीकरण प्रशासन परिपत्रक इतर माहिती निविदा भरणे कार्यपत्रिका व सभावृत्तांत बांधकाम साहित्याचे दर स्थानिक संस्था कर भरा नगररचना जाहीर नोटीस,पिंपरी चिंचवड महानगरपालिका | कटिबद्ध जनहिताय उद्देशाने प्रेरित महानगरपालिका मुख्य पृष्ठ ब क्षेत्रीय कार्यालय समिती मुख्य पृष्ठ / ब क्षेत्रीय कार्यालय समिती ब क्षेत्रीय कार्यालय समिती ब क्षेत्रीय कार्यालय समिती माहिती सभेची माहिती कार्यपत्रिका क्रमांक व दिनांक सभेचा नियोजित दिनांक तहकुबी सूचना (असल्यास) ठराव क्रमांक व दिनांक माहिती उपलब्ध नाही Back विज्ञान विश्वाची सफर घडविणार 'सायन्स पार्क' Read More घडामोडी सार्वजनिक प्रकटीकरण प्रशासन परिपत्रक इतर माहिती निविदा भरणे कार्यपत्रिका व सभावृत्तांत बांधकाम साहित्याचे दर स्थानिक संस्था कर भरा नगररचना जाहीर नोटीस,Unknown,Unknown,MEDIUM,hi,0.0,pcmc_pune
84,पिंपरी चिंचवड महानगरपालिका | कटिबद्ध जनहिताय उद्देशाने प्रेरित महानगरपालिका मुख्य पृष्ठ क क्षेत्रीय कार्यालय समिती मुख्य पृष्ठ / क क्षेत्रीय कार्यालय समिती क क्षेत्रीय कार्यालय समिती क क्षेत्रीय कार्यालय समिती माहिती सभेची माहिती कार्यपत्रिका क्रमांक व दिनांक सभेचा नियोजित दिनांक तहकुबी सूचना (असल्यास) ठराव क्रमांक व दिनांक माहिती उपलब्ध नाही Back 'सारथी' माहिती पुस्तिका Read More घडामोडी सार्वजनिक प्रकटीकरण प्रशासन परिपत्रक इतर माहिती निविदा भरणे कार्यपत्रिका व सभावृत्तांत बांधकाम साहित्याचे दर स्थानिक संस्था कर भरा नगररचना जाहीर नोटीस,पिंपरी चिंचवड महानगरपालिका | कटिबद्ध जनहिताय उद्देशाने प्रेरित महानगरपालिका मुख्य पृष्ठ क क्षेत्रीय कार्यालय समिती मुख्य पृष्ठ / क क्षेत्रीय कार्यालय समिती क क्षेत्रीय कार्यालय समिती क क्षेत्रीय कार्यालय समिती माहिती सभेची माहिती कार्यपत्रिका क्रमांक व दिनांक सभेचा नियोजित दिनांक तहकुबी सूचना (असल्यास) ठराव क्रमांक व दिनांक माहिती उपलब्ध नाही Back 'सारथी' माहिती पुस्तिका Read More घडामोडी सार्वजनिक प्रकटीकरण प्रशासन परिपत्रक इतर माहिती निविदा भरणे कार्यपत्रिका व सभावृत्तांत बांधकाम साहित्याचे दर स्थानिक संस्था कर भरा नगररचना जाहीर नोटीस,Unknown,Unknown,MEDIUM,hi,0.0,pcmc_pune
85,पिंपरी चिंचवड महानगरपालिका | कटिबद्ध जनहिताय उद्देशाने प्रेरित महानगरपालिका मुख्य पृष्ठ ड क्षेत्रीय कार्यालय समिती मुख्य पृष्ठ / ड क्षेत्रीय कार्यालय समिती ड क्षेत्रीय कार्यालय समिती ड क्षेत्रीय कार्यालय समिती माहिती सभेची माहिती कार्यपत्रिका क्रमांक व दिनांक सभेचा नियोजित दिनांक तहकुबी सूचना (असल्यास) ठराव क्रमांक व दिनांक माहिती उपलब्ध नाही Back विज्ञान विश्वाची सफर घडविणार 'सायन्स पार्क' Read More घडामोडी सार्वजनिक प्रकटीकरण प्रशासन परिपत्रक इतर माहिती निविदा भरणे कार्यपत्रिका व सभावृत्तांत बांधकाम साहित्याचे दर स्थानिक संस्था कर भरा नगररचना जाहीर नोटीस,पिंपरी चिंचवड महानगरपालिका | कटिबद्ध जनहिताय उद्देशाने प्रेरित महानगरपालिका मुख्य पृष्ठ ड क्षेत्रीय कार्यालय समिती मुख्य पृष्ठ / ड क्षेत्रीय कार्यालय समिती ड क्षेत्रीय कार्यालय समिती ड क्षेत्रीय कार्यालय समिती माहिती सभेची माहिती कार्यपत्रिका क्रमांक व दिनांक सभेचा नियोजित दिनांक तहकुबी सूचना (असल्यास) ठराव क्रमांक व दिनांक माहिती उपलब्ध नाही Back विज्ञान विश्वाची सफर घडविणार 'सायन्स पार्क' Read More घडामोडी सार्वजनिक प्रकटीकरण प्रशासन परिपत्रक इतर माहिती निविदा भरणे कार्यपत्रिका व सभावृत्तांत बांधकाम साहित्याचे दर स्थानिक संस्था कर भरा नगररचना जाहीर नोटीस,Unknown,Unknown,MEDIUM,hi,0.0,pcmc_pune
86,पिंपरी चिंचवड महानगरपालिका | कटिबद्ध जनहिताय उद्देशाने प्रेरित महानगरपालिका मुख्य पृष्ठ इ क्षेत्रीय कार्यालय समिती मुख्य पृष्ठ / इ क्षेत्रीय कार्यालय समिती इ क्षेत्रीय कार्यालय समिती इ क्षेत्रीय कार्यालय समिती माहिती सभेची माहिती कार्यपत्रिका क्रमांक व दिनांक सभेचा नियोजित दिनांक तहकुबी सूचना (असल्यास) ठराव क्रमांक व दिनांक माहिती उपलब्ध नाही Back विज्ञान विश्वाची सफर घडविणार 'सायन्स पार्क' Read More घडामोडी सार्वजनिक प्रकटीकरण प्रशासन परिपत्रक इतर माहिती निविदा भरणे कार्यपत्रिका व सभावृत्तांत बांधकाम साहित्याचे दर स्थानिक संस्था कर भरा नगररचना जाहीर नोटीस,पिंपरी चिंचवड महानगरपालिका | कटिबद्ध जनहिताय उद्देशाने प्रेरित महानगरपालिका मुख्य पृष्ठ इ क्षेत्रीय कार्यालय समिती मुख्य पृष्ठ / इ क्षेत्रीय कार्यालय समिती इ क्षेत्रीय कार्यालय समिती इ क्षेत्रीय कार्यालय समिती माहिती सभेची माहिती कार्यपत्रिका क्रमांक व दिनांक सभेचा नियोजित दिनांक तहकुबी सूचना (असल्यास) ठराव क्रमांक व दिनांक माहिती उपलब्ध नाही Back विज्ञान विश्वाची सफर घडविणार 'सायन्स पार्क' Read More घडामोडी सार्वजनिक प्रकटीकरण प्रशासन परिपत्रक इतर माहिती निविदा भरणे कार्यपत्रिका व सभावृत्तांत बांधकाम साहित्याचे दर स्थानिक संस्था कर भरा नगररचना जाहीर नोटीस,Unknown,Unknown,MEDIUM,hi,0.0,pcmc_pune
87,पिंपरी चिंचवड महानगरपालिका | कटिबद्ध जनहिताय उद्देशाने प्रेरित महानगरपालिका मुख्य पृष्ठ फ क्षेत्रीय कार्यालय समिती मुख्य पृष्ठ / फ क्षेत्रीय कार्यालय समिती फ क्षेत्रीय कार्यालय समिती फ क्षेत्रीय कार्यालय समिती माहिती सभेची माहिती कार्यपत्रिका क्रमांक व दिनांक सभेचा नियोजित दिनांक तहकुबी सूचना (असल्यास) ठराव क्रमांक व दिनांक माहिती उपलब्ध नाही Back विज्ञान विश्वाची सफर घडविणार 'सायन्स पार्क' Read More घडामोडी सार्वजनिक प्रकटीकरण प्रशासन परिपत्रक इतर माहिती निविदा भरणे कार्यपत्रिका व सभावृत्तांत बांधकाम साहित्याचे दर स्थानिक संस्था कर भरा नगररचना जाहीर नोटीस,पिंपरी चिंचवड महानगरपालिका | कटिबद्ध जनहिताय उद्देशाने प्रेरित महानगरपालिका मुख्य पृष्ठ फ क्षेत्रीय कार्यालय समिती मुख्य पृष्ठ / फ क्षेत्रीय कार्यालय समिती फ क्षेत्रीय कार्यालय समिती फ क्षेत्रीय कार्यालय समिती माहिती सभेची माहिती कार्यपत्रिका क्रमांक व दिनांक सभेचा नियोजित दिनांक तहकुबी सूचना (असल्यास) ठराव क्रमांक व दिनांक माहिती उपलब्ध नाही Back विज्ञान विश्वाची सफर घडविणार 'सायन्स पार्क' Read More घडामोडी सार्वजनिक प्रकटीकरण प्रशासन परिपत्रक इतर माहिती निविदा भरणे कार्यपत्रिका व सभावृत्तांत बांधकाम साहित्याचे दर स्थानिक संस्था कर भरा नगररचना जाहीर नोटीस,Unknown,Unknown,MEDIUM,hi,0.0,pcmc_pune
88,पिंपरी चिंचवड महानगरपालिका | कटिबद्ध जनहिताय उद्देशाने प्रेरित महानगरपालिका मुख्य पृष्ठ ग क्षेत्रीय कार्यालय मुख्य पृष्ठ / ग क्षेत्रीय कार्यालय ग क्षेत्रीय कार्यालय ग क्षेत्रीय कार्यालय माहिती सभेची माहिती कार्यपत्रिका क्रमांक व दिनांक सभेचा नियोजित दिनांक तहकुबी सूचना (असल्यास) ठराव क्रमांक व दिनांक माहिती उपलब्ध नाही Back विज्ञान विश्वाची सफर घडविणार 'सायन्स पार्क' Read More घडामोडी सार्वजनिक प्रकटीकरण प्रशासन परिपत्रक इतर माहिती निविदा भरणे कार्यपत्रिका व सभावृत्तांत बांधकाम साहित्याचे दर स्थानिक संस्था कर भरा नगररचना जाहीर नोटीस,पिंपरी चिंचवड महानगरपालिका | कटिबद्ध जनहिताय उद्देशाने प्रेरित महानगरपालिका मुख्य पृष्ठ ग क्षेत्रीय कार्यालय मुख्य पृष्ठ / ग क्षेत्रीय कार्यालय ग क्षेत्रीय कार्यालय ग क्षेत्रीय कार्यालय माहिती सभेची माहिती कार्यपत्रिका क्रमांक व दिनांक सभेचा नियोजित दिनांक तहकुबी सूचना (असल्यास) ठराव क्रमांक व दिनांक माहिती उपलब्ध नाही Back विज्ञान विश्वाची सफर घडविणार 'सायन्स पार्क' Read More घडामोडी सार्वजनिक प्रकटीकरण प्रशासन परिपत्रक इतर माहिती निविदा भरणे कार्यपत्रिका व सभावृत्तांत बांधकाम साहित्याचे दर स्थानिक संस्था कर भरा नगररचना जाहीर नोटीस,Unknown,Unknown,MEDIUM,hi,0.0,pcmc_pune
89,पिंपरी चिंचवड महानगरपालिका | कटिबद्ध जनहिताय उद्देशाने प्रेरित महानगरपालिका मुख्य पृष्ठ ह क्षेत्रीय कार्यालय मुख्य पृष्ठ / ह क्षेत्रीय कार्यालय ह क्षेत्रीय कार्यालय ह क्षेत्रीय कार्यालय माहिती सभेची माहिती कार्यपत्रिका क्रमांक व दिनांक सभेचा नियोजित दिनांक तहकुबी सूचना (असल्यास) ठराव क्रमांक व दिनांक माहिती उपलब्ध नाही Back महानगरपालिकेच्या फेसबुक पेज चे अनावरण Read More घडामोडी सार्वजनिक प्रकटीकरण प्रशासन परिपत्रक इतर माहिती निविदा भरणे कार्यपत्रिका व सभावृत्तांत बांधकाम साहित्याचे दर स्थानिक संस्था कर भरा नगररचना जाहीर नोटीस,पिंपरी चिंचवड महानगरपालिका | कटिबद्ध जनहिताय उद्देशाने प्रेरित महानगरपालिका मुख्य पृष्ठ ह क्षेत्रीय कार्यालय मुख्य पृष्ठ / ह क्षेत्रीय कार्यालय ह क्षेत्रीय कार्यालय ह क्षेत्रीय कार्यालय माहिती सभेची माहिती कार्यपत्रिका क्रमांक व दिनांक सभेचा नियोजित दिनांक तहकुबी सूचना (असल्यास) ठराव क्रमांक व दिनांक माहिती उपलब्ध नाही Back महानगरपालिकेच्या फेसबुक पेज चे अनावरण Read More घडामोडी सार्वजनिक प्रकटीकरण प्रशासन परिपत्रक इतर माहिती निविदा भरणे कार्यपत्रिका व सभावृत्तांत बांधकाम साहित्याचे दर स्थानिक संस्था कर भरा नगररचना जाहीर नोटीस,Unknown,Unknown,MEDIUM,hi,0.0,pcmc_pune
90,"पिंपरी चिंचवड महानगरपालिका | कटिबद्ध जनहिताय उद्देशाने प्रेरित महानगरपालिका मुख्य पृष्ठ कार्यपत्रिका व सभावृतांत मुख्य पृष्ठ / कार्यपत्रिका व सभावृतांत कार्यपत्रिका व सभावृतांत (२०११ ते २०२२ पर्यंतचा कार्यकाळ) मा. महापालिका सभा, विविध विषय समिती कामकाज व मा. महापौर, उप महापौर इ. निवडणुकींचे नियम मागे जा क्रमांक चालू कार्यकाळ 1 महापालिका सभा 2 स्थायी समिती 3 महिला व बाल कल्याण समिती 4 विधी समिती 5 शहर सुधारणा समिती 6 क्रीड़ा,कला,साहित्य व सांस्कृतिक समिती 7 शिक्षण समिती संबंधित प्रभागस्तरीय बैठकींची माहिती अ क्षेत्रीय कार्यालय समिती ब क्षेत्रीय कार्यालय समिती क क्षेत्रीय कार्यालय समिती ड क्षेत्रीय कार्यालय समिती इ क्षेत्रीय कार्यालय समिती फ क्षेत्रीय कार्यालय समिती ग क्षेत्रीय कार्यालय समिती ह क्षेत्रीय कार्यालय समिती महानगरपालिकेच्या फेसबुक पेज चे अनावरण Read More घडामोडी सार्वजनिक प्रकटीकरण प्रशासन परिपत्रक इतर माहिती निविदा भरणे कार्यपत्रिका व सभावृत्तांत बांधकाम साहित्याचे दर स्थानिक संस्था कर भरा नगररचना जाहीर नोटीस","पिंपरी चिंचवड महानगरपालिका | कटिबद्ध जनहिताय उद्देशाने प्रेरित महानगरपालिका मुख्य पृष्ठ कार्यपत्रिका व सभावृतांत मुख्य पृष्ठ / कार्यपत्रिका व सभावृतांत कार्यपत्रिका व सभावृतांत (२०११ ते २०२२ पर्यंतचा कार्यकाळ) मा. महापालिका सभा, विविध विषय समिती कामकाज व मा. महापौर, उप महापौर इ. निवडणुकींचे नियम मागे जा क्रमांक चालू कार्यकाळ 1 महापालिका सभा 2 स्थायी समिती 3 महिला व बाल कल्याण समिती 4 विधी समिती 5 शहर सुधारणा समिती 6 क्रीड़ा,कला,साहित्य व सांस्कृतिक समिती 7 शिक्षण समिती संबंधित प्रभागस्तरीय बैठकींची माहिती अ क्षेत्रीय कार्यालय समिती ब क्षेत्रीय कार्यालय समिती क क्षेत्रीय कार्यालय समिती ड क्षेत्रीय कार्यालय समिती इ क्षेत्रीय कार्यालय समिती फ क्षेत्रीय कार्यालय समिती ग क्षेत्रीय कार्यालय समिती ह क्षेत्रीय कार्यालय समिती महानगरपालिकेच्या फेसबुक पेज चे अनावरण Read More घडामोडी सार्वजनिक प्रकटीकरण प्रशासन परिपत्रक इतर माहिती निविदा भरणे कार्यपत्रिका व सभावृत्तांत बांधकाम साहित्याचे दर स्थानिक संस्था कर भरा नगररचना जाहीर नोटीस",Unknown,Unknown,MEDIUM,hi,0.0,pcmc_pune
